DATE,BATCH,BLOCK,WT,PLANT/ETC,REMARKS,BLOCK LOC,AVG PRICE,AVG WTD VALUE
45292,,AUG-23-TNK2,13997,MAIN,BACKLOG,,,
45292,,AUG-22-BLK11,28828,MAIN,BACKLOG,,,
45292,,MAR-21-BLK5,9934,MAIN,BACKLOG,,,
45292,,RECOOKED,15776,MAIN,BACKLOG,,,
45292,,MAR-21-BLK1,53632,MAIN,BACKLOG,,,
45292,,AUG-22-BLK10,73711,MAIN,BACKLOG,,,
45292,,AUG-23-TNK1,75584,MAIN,BACKLOG,,,
45292,,JAN-21-BLK4,67586,MAIN,BACKLOG,,,
45292,,AUG-22-BLK9,62271,MAIN,BACKLOG,,,
45292,,MAR-22-BLK15,68650,MAIN,BACKLOG,,,
45292,,AUG-22-BLK8,69336,MAIN,BACKLOG,,,
45292,,OCT-23-TNK2,38462,MAIN,BACKLOG,,,
45292,,MAR-22-BLK4,35085,MAIN,BACKLOG,,,
45292,,AUG-22-BLK7,17639,MAIN,BACKLOG,,,
45323,,OCT-23-TNK2,15180,MAIN,BACKLOG,,,
45323,,MAR-22-BLK4,28835,MAIN,BACKLOG,,,
45323,,AUG-22-BLK7,54500,MAIN,BACKLOG,,,
45323,,APR-22-BLK3,59878,MAIN,BACKLOG,,,
45323,,OCT-23-TNK1,52285,MAIN,BACKLOG,,,
45323,,AUG-22-BLK6,77665,MAIN,BACKLOG,,,
45323,,MAR-22-BLK7,52562,MAIN,BACKLOG,,,
45323,,AUG-22-BLK5,79460,MAIN,BACKLOG,,,
45323,,SEPT-23-TNK1,52143,MAIN,BACKLOG,,,
45323,,NOV-22-BLK3,53981,MAIN,BACKLOG,,,
45323,,NOV-22-BLK1,43172,MAIN,BACKLOG,,,
45323,,AUG-22-BLK4,47980,MAIN,BACKLOG,,,
45352,,NOV-22-BLK1,21493,MAIN,BACKLOG,,,
45352,,AUG-22-BLK4,20872,MAIN,BACKLOG,,,
45352,,DEC-23-TNK1,55699,MAIN,BACKLOG,,,
45352,,NOV-22-BLK3,55834,MAIN,BACKLOG,,,
45352,,AUG-22-BLK3,67060,MAIN,BACKLOG,,,
45352,,NOV-22-BLK2,67062,MAIN,BACKLOG,,,
45352,,AUG-22-BLK2,75257,MAIN,BACKLOG,,,
45352,,NOV-23-TNK1,57940,MAIN,BACKLOG,,,
45352,,DEC-22-BLK1,61812,MAIN,BACKLOG,,,
45352,,JULY-22-BLK4,74182,MAIN,BACKLOG,,,
45352,,NOV-22-BLK7,42064,MAIN,BACKLOG,,,
45352,,JUNE-22-BLK12,18754,MAIN,BACKLOG,,,
45352,,FEB-24-TNK1,9930,MAIN,BACKLOG,D-3B,19,188670
45383,,NOV-22-BLK7,26948,MAIN,BACKLOG,,,
45383,,JUNE-22-BLK12,52334,MAIN,BACKLOG,,,
45383,,JULY-22-BLK7,70859,MAIN,BACKLOG,,,
45383,,DEC-20-BLK7,54191,MAIN,BACKLOG,,,
45383,,JULY-22-BLK6,71189,MAIN,BACKLOG,,,
45383,,JUNE-20-BLK9,53616,MAIN,BACKLOG,,,
45383,,JULY-22-BLK1,65612,MAIN,BACKLOG,,,
45383,,JUNE-20-BLK8,56531,MAIN,BACKLOG,,,
45383,,FEED,17980,MAIN,BACKLOG,,22.81287345,410175.4646
45383,,DEC-23-BLK3,7152,MAIN,BACKLOG,C-20B,16.75,119796
45383,,FEB-24-TNK1,40222,MAIN,CLOSED,D-3B,19,764218
45383,,JAN-24-TNK1,53052,MAIN,CLOSED,D-3C,18.56640661,984985.0035
45383,,DEC-23-TNK2,30091,MAIN,CLOSED,D-3D,18,541638
45413,,MAY-22-BLK13,55980,MAIN,BACKLOG,,,
45413,,FEED-PAQUIBOT,17805,MAIN,BACKLOG,,,
45413,,MAY-22-BLK12,69164,MAIN,BACKLOG,,,
45413,,FEED-PAQUIBOT,18140,MAIN,BACKLOG,,,
45413,,MAY-22-BLK8,56874,MAIN,BACKLOG,,,
45413,,MAY-22-BLK4,66037,MAIN,BACKLOG,,,
45413,,APR-22-BLK1,56394,MAIN,BACKLOG,,,
45413,,JULY-22-BLK3,15820,MAIN,BACKLOG,,,
45413,,FEB-24-BLK4,34887,MAIN,BACKLOG,A-9A,16.83639174,587371.1988
45413,,JAN-24-BLK3,58650,MAIN,CLOSED,C-20A,16.829098,987026.5976
45413,,DEC-23-BLK3,13402,MAIN,CLOSED,C-20B,16.75,224483.5
45413,,APR-24-TNK1,53505,MAIN,CLOSED,D-4B,19.57484369,1047352.012
45413,,MAR-24-TNK2,54322,MAIN,CLOSED,D-4C,19,1032118
45413,,MAR-24-TNK1,56213,MAIN,CLOSED,D-4D,19,1068047
45413,,MAY-24-TNK2,45754,MAIN,CLOSED,D-5B,20,915080
45413,,MAY-24-TNK1,11432,MAIN,BACKLOG,D-5C,20,228640
45444,,OCT-22-BLK1,32560,MAIN,,A-14A,21.32,694179.2
45444,,JUL22-BLK3,47202,MAIN,BACKLOG,,,
45444,,FEED,17868,MAIN,BACKLOG,,22.81287345,407620.4228
45444,,JULY-22-BLK1,65425,MAIN,BACKLOG,,,
45444,,JULY-22-BLK13,65942,MAIN,BACKLOG,,,
45444,,OCT-22-BLK2,68898,MAIN,BACKLOG,,,
45444,,OCT-22-BLK8,81580,MAIN,BACKLOG,,,
45444,,DEC-20-BLK3,57485,MAIN,BACKLOG,,,
45444,,FEB-24-BLK4,30840,MAIN,CLOSED,A-9A,16.83639174,519234.3214
45444,,MAY-24-BLK1,27389,MAIN,,A-9B,17.12871568,469138.3938
45444,,APR-24-TNK2,56788,MAIN,,D-1D,20,1135760
45444,,MAY-24-TNK1,46252,MAIN,CLOSED,D-5C,20,925040
45444,,APR-24-TNK3,52077,MAIN,CLOSED,D-5D,20,1041540
45485,,OCT-22-BLK1,30511,MAIN,CLOSED,A-14A,21.32,650494.52
45485,,OCT-22-BLK5,81030,MAIN,,A-15A,21.37,1731611.1
45485,,OCT-22-BLK6,69691,MAIN,CLOSED,A-15B,21.43,1493478.13
45485,,OCT-22-BLK9,59453,MAIN,CLOSED,A-15C,21.5,1278239.5
45485,,MAY-24-BLK1,51599,MAIN,CLOSED,A-9B,17.12871568,883824.6005
45485,,JUNE-24-BLK1,4720,MAIN,BACKLOG,A-9C,16.8696712,79624.84804
45485,,NOV-20-BLK6,48063,MAIN,CLOSED,D-17C,20.27,974237.01
45485,,APR-24-TNK4,37596,MAIN,,D-1C,20,751920
45485,,APR-24-TNK2,4103,MAIN,CLOSED,D-1D,20,82060
45488,,OCT-22-BLK5,3486,MAIN,CLOSED,A-15A,21.37,74495.82
45488,,MAR-23-BLK4,20775,MAIN,,A-17C,19.64,408021
45488,,JUNE-24-BLK1,6209,MAIN,,A-9C,16.8696712,104743.7885
45488,,APR-24-TNK4,2729,MAIN,,D-1C,20,54580
45489,,MAR-23-BLK4,28786,MAIN,,A-17C,19.64,565357.04
45489,,JUNE-24-BLK1,8370,MAIN,,A-9C,16.8696712,141199.1479
45489,,APR-24-TNK4,3728,MAIN,CLOSED,D-1C,20,74560
45490,,MAR-23-BLK4,18309,MAIN,,A-17C,19.64,359588.76
45490,,JUNE-24-BLK1,6161,MAIN,,A-9C,16.8696712,103934.0442
45490,,JULY-24-TNK1,4274,MAIN,,D-1D,23,98302
45491,,FEB-23-BLK6,23338,MAIN,OPEN,A-17B,19.75,460925.5
45491,,MAR-23-BLK4,1549,MAIN,CLOSED,A-17C,19.64,30422.36
45491,,JUNE-24-BLK1,6411,MAIN,,A-9C,16.8696712,108151.462
45491,,JULY-24-TNK1,3594,MAIN,,D-1D,23,82662
45492,,FEB-23-BLK6,14374,MAIN,,A-17B,19.75,283886.5
45492,,JUNE-24-BLK1,3737,MAIN,,A-9C,16.8696712,63041.96126
45492,,JULY-24-TNK1,2203,MAIN,,D-1D,23,50669
45495,,JAN-23-BLK8,5751,MAIN,OPEN,A-17A,20.67,118873.17
45495,,FEB-23-BLK6,22255,MAIN,,A-17B,19.75,439536.25
45495,,JUNE-24-BLK1,1922,MAIN,CLOSED,A-9C,16.8696712,32423.50804
45495,,JULY-24-TNK1,10747,MAIN,,D-1D,23,247181
45503,,JAN-23-BLK8,59751,MAIN,CLOSED,A-17A,20.67,1235053.17
45503,,FEB-23-BLK6,2390,MAIN,CLOSED,A-17B,19.75,47202.5
45503,,MAR-23-BLK1,16706,MAIN,,A-18B,19.75,329943.5
45503,,APR-23-BLK1,74814,MAIN,CLOSED,A-18C,19.75,1477576.5
45503,,JULY-24-TNK1,39367,MAIN,CLOSED,D-1D,23,905441
45535,,FEB-23-BLK1,69420,MAIN,CLOSED,A-18A,19.68,1366185.6
45535,,MAR-23-BLK1,51323,MAIN,CLOSED,A-18B,19.75,1013629.25
45535,,FEB-23-BLK3,67300,MAIN,CLOSED,A-19A,19.75,1329175
45535,,MAR-23-BLK3,56901,MAIN,CLOSED,A-19B,19.75,1123794.75
45535,,APR-23-BLK2,67169,MAIN,CLOSED,A-19C,19.62,1317855.78
45535,,MAR-23-BLK2,57039,MAIN,,A-20B,19.58,1116823.62
45535,,MAR-23-BLK5,68503,MAIN,CLOSED,A-20C,19.6,1342658.8
45535,,SEPT-20-BLK6,6930,MAIN,,D-17D,19.39,134372.7
45535,,AUG-24-TNK3,27062,MAIN,CLOSED,D-1C,23,622426
45535,,AUG-24-TNK2,23057,MAIN,CLOSED,D-1D,23,530311
45535,,AUG-24-TNK4,14695,MAIN,,D-1D,23,337985
45535,,AUG-24-TNK1,60663,MAIN,CLOSED,D-4D,23,1395249
45535,,JULY-24-TNK3,60615,MAIN,CLOSED,D-5C,23,1394145
45535,,JULY-24-TNK2,64916,MAIN,CLOSED,D-5D,23,1493068
45545,,JAN-23-BLK7,17110,MAIN,,A-1C,21.82,373340.2
45545,,MAR-23-BLK2,7040,MAIN,CLOSED,A-20B,19.58,137843.2
45545,,APR-22-BLK4,60714,MAIN,CLOSED,A-3A,22.29,1353315.06
45545,,JULY-22-BLK10,65285,MAIN,CLOSED,A-5A,22.1,1442798.5
45545,,SEPT-20-BLK6,53777,MAIN,CLOSED,D-17D,19.39,1042736.03
45545,,SEPT-20-BLK2,40244,MAIN,CLOSED,D-18A,19.25,774697
45545,,AUG-20-BLK7,19814,MAIN,,D-18B,18.33,363190.62
45545,,SEPT-24-TNK1,17266,MAIN,,D-1C,24,414384
45545,,AUG-24-TNK4,14399,MAIN,CLOSED,D-1D,23,331177
45546,,NOV-22-BLK5,13688,MAIN,,A-1A,20.68,283067.84
45546,,JAN-23-BLK7,1491,MAIN,CLOSED,A-1C,21.82,32533.62
45546,,AUG-20-BLK7,11614,MAIN,,D-18B,18.33,212884.62
45546,,SEPT-24-TNK1,3095,MAIN,,D-1C,24,74280
45547,,NOV-22-BLK5,10860,MAIN,,A-1A,20.68,224584.8
45547,,AUG-20-BLK7,7192,MAIN,,D-18B,18.33,131829.36
45547,,SEPT-24-TNK1,2011,MAIN,,D-1C,24,48264
45548,,NOV-22-BLK5,20260,MAIN,,A-1A,20.68,418976.8
45548,,AUG-20-BLK7,10046,MAIN,CLOSED,D-18B,18.33,184143.18
45548,,AUG-20-BLK4,5686,MAIN,,D-18C,18.06,102689.16
45548,,SEPT-24-TNK1,4114,MAIN,,D-1C,24,98736
45549,,NOV-22-BLK5,12774,MAIN,CLOSED,A-1A,20.68,264166.32
45549,,AUG-20-BLK4,15069,MAIN,,D-18C,18.06,272146.14
45549,,SEPT-24-TNK1,4072,MAIN,CLOSED,D-1C,24,97728
45551,,AUG-20-BLK4,21116,MAIN,,D-18C,18.06,381354.96
45551,,SEPT-24-TNK2,9696,MAIN,,D-5D,24,232704
45552,,AUG-20-BLK4,11593,MAIN,CLOSED,D-18C,18.06,209369.58
45552,,AUG-20-BLK1,9704,MAIN,,D-18D,18.7,181464.8
45552,,SEPT-24-TNK2,8386,MAIN,,D-5D,24,201264
45553,,AUG-20-BLK1,19129,MAIN,,D-18D,18.7,357712.3
45553,,SEPT-24-TNK2,8172,MAIN,,D-5D,24,196128
45554,,AUG-20-BLK1,13493,MAIN,CLOSED,D-18D,18.7,252319.1
45554,,JULY-20-BLK12,6088,MAIN,,D-19A,19.25,117194
45554,,SEPT-24-TNK2,8496,MAIN,,D-5D,24,203904
45555,,JULY-20-BLK12,19743,MAIN,,D-19A,19.25,380052.75
45555,,SEPT-24-TNK2,8125,MAIN,,D-5D,24,195000
45556,,JULY-20-BLK12,17964,MAIN,,D-19A,19.25,345807
45556,,SEPT-24-TNK3,3845,MAIN,,D-5C,24,92280
45556,,SEPT-24-TNK2,5124,MAIN,CLOSED,D-5D,24,122976
45558,,JULY-20-BLK12,2331,MAIN,CLOSED,D-19A,19.25,44871.75
45558,,JULY-20-BLK10,4038,MAIN,,D-19B,18.74,75672.12
45558,,SEPT-24-TNK3,3097,MAIN,,D-5C,24,74328
45561,,JULY-20-BLK10,14578,MAIN,,D-19B,18.74,273191.72
45561,,SEPT-24-TNK3,6195,MAIN,,D-5C,24,148680
45562,,JULY-20-BLK10,20809,MAIN,,D-19B,18.74,389960.66
45562,,SEPT-24-TNK3,8075,MAIN,,D-5C,24,193800
45563,,JULY-20-BLK10,6590,MAIN,CLOSED,D-19B,18.74,123496.6
45563,,JULY-20-BLK7,7164,MAIN,,D-19C,18.15,130026.6
45563,,SEPT-24-TNK3,6112,MAIN,CLOSED,D-5C,24,146688
45565,OCTOBER,BLENDING,1898,MAIN,8X50 / 6X50 & 9X50 FEED TO RS5,,,
45565,OCTOBER,JULY-20-BLK7,12678,MAIN,,D-19C,18.15,230105.7
45565,OCTOBER,SEPT-24-TNK4,4529,MAIN,,D-1D,24,108696
45566,OCTOBER,BLENDING,1654,MAIN,8X50 / 6X50 & 9X50 FEED TO RS5,,,
45566,OCTOBER,JULY-20-BLK7,19505,MAIN,,D-19C,18.15,354015.75
45566,OCTOBER,SEPT-24-TNK4,8423,MAIN,,D-1D,24,202152
45567,OCTOBER,JULY-20-BLK7,6705,MAIN,CLOSED,D-19C,18.15,121695.75
45567,OCTOBER,JULY-20-BLK3,18442,MAIN,,D-19D,18.28,337119.76
45567,OCTOBER,SEPT-24-TNK5,2429,MAIN,,D-1C,24,58296
45567,OCTOBER,SEPT-24-TNK4,9015,MAIN,CLOSED,D-1D,24,216360
45568,OCTOBER,JULY-20-BLK3,18087,MAIN,,D-19D,18.28,330630.36
45568,OCTOBER,SEPT-24-TNK5,8284,MAIN,,D-1C,24,198816
45569,OCTOBER,APR-23-BLK4,10323,MAIN,,C-1B,19.65,202846.95
45569,OCTOBER,JULY-20-BLK3,10803,MAIN,CLOSED,D-19D,18.28,197478.84
45569,OCTOBER,SEPT-24-TNK5,8576,MAIN,,D-1C,24,205824
45570,OCTOBER,APR-23-BLK4,19984,MAIN,,C-1B,19.65,392685.6
45570,OCTOBER,SEPT-24-TNK5,9996,MAIN,CLOSED,D-1C,24,239904
45572,OCTOBER,MAY-22-BLK9,13079,MAIN,,A-2A,22.22,290615.38
45572,OCTOBER,FEED,18725,MAIN,CLOSED,,22.81287345,427171.0553
45572,OCTOBER,APR-23-BLK4,6965,MAIN,,C-1B,19.65,136862.25
45573,OCTOBER,MAY-22-BLK9,11929,MAIN,,A-2A,22.22,265062.38
45573,OCTOBER,APR-23-BLK3,10172,MAIN,,C-1A,19.67,200083.24
45573,OCTOBER,APR-23-BLK4,16815,MAIN,CLOSED,C-1B,19.65,330414.75
45574,OCTOBER,MAY-22-BLK9,9695,MAIN,,A-2A,22.22,215422.9
45574,OCTOBER,APR-23-BLK3,23357,MAIN,,C-1A,19.67,459432.19
45575,OCTOBER,MAY-22-BLK9,9668,MAIN,,A-2A,22.22,214822.96
45575,OCTOBER,APR-23-BLK3,22582,MAIN,,C-1A,19.67,444187.94
45576,OCTOBER,MAY-22-BLK9,9518,MAIN,,A-2A,22.22,211489.96
45576,OCTOBER,AUG-24-BLK5,4103,MAIN,,A-9C,17.75,72828.25
45576,OCTOBER,APR-23-BLK3,9129,MAIN,CLOSED,C-1A,19.67,179567.43
45576,OCTOBER,MAY-23-BLK1,11195,MAIN,,C-2B,19.68,220317.6
45579,OCTOBER,MAY-22-BLK9,14448,MAIN,,A-2A,22.22,321034.56
45579,OCTOBER,AUG-24-BLK5,4586,MAIN,,A-9C,17.75,81401.5
45579,OCTOBER,FEED,9040,MAIN,,,22.81287345,206228.376
45579,OCTOBER,MAY-23-BLK1,9690,MAIN,,C-2B,19.68,190699.2
45580,OCTOBER,MAY-22-BLK9,4586,MAIN,CLOSED,A-2A,22.22,101900.92
45580,OCTOBER,AUG-24-BLK5,5920,MAIN,,A-9C,17.75,105080
45580,OCTOBER,FEED,9040,MAIN,,,22.81287345,206228.376
45580,OCTOBER,MAY-23-BLK1,22362,MAIN,,C-2B,19.68,440084.16
45581,OCTOBER,AUG-24-BLK5,6715,MAIN,,A-9C,17.75,119191.25
45581,OCTOBER,APR-23-BLK5,3228,MAIN,,C-2A,19.58,63204.24
45581,OCTOBER,MAY-23-BLK1,21528,MAIN,CLOSED,C-2B,19.68,423671.04
45582,OCTOBER,AUG-24-BLK5,6025,MAIN,,A-9C,17.75,106943.75
45582,OCTOBER,APR-23-BLK5,12649,MAIN,,C-2A,19.58,247667.42
45582,OCTOBER,OCT-24-TNK1,15238,MAIN,,D-1D,24,365712
45583,OCTOBER,JULY-24-BLK2,2931,MAIN,,A-9B,18.06209492,52940.0002
45583,OCTOBER,AUG-24-BLK5,1659,MAIN,CLOSED,A-9C,17.75,29447.25
45583,OCTOBER,FEED,9150,MAIN,,,22.81287345,208737.792
45583,OCTOBER,APR-23-BLK5,8387,MAIN,,C-2A,19.58,164217.46
45583,OCTOBER,OCT-24-TNK1,8771,MAIN,,D-1D,24,210504
45586,OCTOBER,FEED,9150,MAIN,,,22.81287345,208737.792
45586,OCTOBER,APR-23-BLK5,11499,MAIN,,C-2A,19.58,225150.42
45586,OCTOBER,OCT-24-TNK1,10628,MAIN,,D-1D,24,255072
45587,OCTOBER,FEED,8538,MAIN,,,22.81287345,194776.3135
45587,OCTOBER,APR-23-BLK5,16758,MAIN,,C-2A,19.58,328121.64
45587,OCTOBER,OCT-24-TNK1,16191,MAIN,,D-1D,24,388584
45588,OCTOBER,FEB-23-BLK5,6813,MAIN,,A-20A,19.7,134216.1
45588,OCTOBER,FEED,8537,MAIN,,,22.81287345,194753.5006
45588,OCTOBER,APR-23-BLK5,5522,MAIN,CLOSED,C-2A,19.58,108120.76
45588,OCTOBER,MAY-23-BLK3,5802,MAIN,,C-3B,19.5,113139
45588,OCTOBER,OCT-24-TNK1,4226,MAIN,,D-1D,24,101424
45589,OCTOBER,FEB-23-BLK5,11595,MAIN,,A-20A,19.7,228421.5
45589,OCTOBER,FEED,5950,MAIN,,,22.81287345,135736.597
45589,OCTOBER,MAY-23-BLK3,7336,MAIN,,C-3B,19.5,143052
45589,OCTOBER,OCT-24-TNK1,4730,MAIN,CLOSED,D-1D,24,113520
45590,OCTOBER,FEB-23-BLK5,10734,MAIN,,A-20A,19.7,211459.8
45590,OCTOBER,FEED,5950,MAIN,,,22.81287345,135736.597
45590,OCTOBER,MAY-23-BLK3,4231,MAIN,,C-3B,19.5,82504.5
45593,OCTOBER,FEB-23-BLK5,18135,MAIN,,A-20A,19.7,357259.5
45593,OCTOBER,FEED,5950,MAIN,,,22.81287345,135736.597
45593,OCTOBER,MAY-23-BLK3,4401,MAIN,,C-3B,19.5,85819.5
45594,OCTOBER,FEB-23-BLK5,8414,MAIN,,A-20A,19.7,165755.8
45594,OCTOBER,DEC-23-BLK1,3874,MAIN,,C-17B,16.87,65354.38
45594,OCTOBER,FEED,6216,MAIN,,,22.81287345,141804.8214
45594,OCTOBER,MAY-23-BLK3,3383,MAIN,,C-3B,19.5,65968.5
45595,OCTOBER,FEB-23-BLK5,4241,MAIN,CLOSED,A-20A,19.7,83547.7
45595,OCTOBER,DEC-23-BLK1,18419,MAIN,,C-17B,16.87,310728.53
45595,OCTOBER,FEED,12434,MAIN,,,22.81287345,283655.2684
45595,OCTOBER,MAY-23-BLK3,5477,MAIN,,C-3B,19.5,106801.5
45600,NOVEMBER,DEC-23-BLK1,19671,MAIN,,C-17B,16.87,331849.77
45600,NOVEMBER,FEED,6093,MAIN,,,22.81287345,138998.8379
45600,NOVEMBER,MAY-23-BLK3,4744,MAIN,,C-3B,19.5,92508
45601,NOVEMBER,NOV-23-BLK3,10740,MAIN,,C-17A,17.5,187950
45601,NOVEMBER,DEC-23-BLK1,14180,MAIN,CLOSED,C-17B,16.87,239216.6
45601,NOVEMBER,FEED,6093,MAIN,,,22.81287345,138998.8379
45602,NOVEMBER,NOV-23-BLK3,33705,MAIN,,C-17A,17.5,589837.5
45602,NOVEMBER,FEED,6094,MAIN,,,22.81287345,139021.6508
45603,NOVEMBER,NOV-23-BLK3,9453,MAIN,CLOSED,C-17A,17.5,165427.5
45603,NOVEMBER,NOV-23-BLK4,21294,MAIN,,C-18B,17.02,362423.88
45604,NOVEMBER,NOV-23-BLK4,34148,MAIN,,C-18B,17.02,581198.96
45604,NOVEMBER,FEED,4323,MAIN,,,22.81287345,98620.05191
45605,NOVEMBER,NOV-23-BLK2,14819,MAIN,,C-18A,17.37,257406.03
45605,NOVEMBER,NOV-23-BLK4,16184,MAIN,CLOSED,C-18B,17.02,275451.68
45605,NOVEMBER,FEED,3323,MAIN,,,22.81287345,75807.17847
45607,NOVEMBER,NOV-23-BLK2,34359,MAIN,,C-18A,17.37,596815.83
45607,NOVEMBER,FEED,3323,MAIN,,,22.81287345,75807.17847
45608,NOVEMBER,NOV-23-BLK2,16884,MAIN,,C-18A,17.37,293275.08
45608,NOVEMBER,FEED,3323,MAIN,,,22.81287345,75807.17847
45608,NOVEMBER,MAY-23-BLK3,12372,MAIN,,C-3B,19.5,241254
45609,NOVEMBER,NOV-23-BLK2,2505,MAIN,,C-18A,17.37,43511.85
45609,NOVEMBER,MAY-23-BLK2,13909,MAIN,,C-3A,19.75,274702.75
45609,NOVEMBER,FEED,2956,MAIN,,,22.81287345,67434.85391
45609,NOVEMBER,MAY-23-BLK3,6844,MAIN,CLOSED,C-3B,19.5,133458
45610,NOVEMBER,NOV-23-BLK2,3890,MAIN,CLOSED,C-18A,17.37,67569.3
45610,NOVEMBER,MAY-23-BLK2,9276,MAIN,,C-3A,19.75,183201
45611,NOVEMBER,MAY-23-BLK2,9942,MAIN,,C-3A,19.75,196354.5
45659,JANUARY,MAY-23-BLK2,17600,MAIN,CLOSED,C-3A,19.75,347600
45659,JANUARY,FEED,9220,MAIN,,,22.81287345,210334.6932
45659,JANUARY,MAY-23-BLK5,3250,MAIN,,C-4B,19.65,63862.5
45659,JANUARY,NOV-24-TNK1,3647,MAIN,,D-1D,25,91175
45660,JANUARY,FEED,9220,MAIN,,,22.81287345,210334.6932
45660,JANUARY,MAY-23-BLK5,12055,MAIN,,C-4B,19.65,236880.75
45660,JANUARY,NOV-24-TNK1,2592,MAIN,,D-1D,25,64800
45660,JANUARY,OCT-24-BLK6,3160,MAIN,,D-20B,22,69520
45661,JANUARY,MAY-23-BLK5,11196,MAIN,,C-4B,19.65,220001.4
45661,JANUARY,NOV-24-TNK1,3100,MAIN,,D-1D,25,77500
45661,JANUARY,OCT-24-BLK6,14100,MAIN,CLOSED,D-20B,22,310200
45661,JANUARY,OCT-24-BLK2,1060,MAIN,,D-20C,20.04741518,21250.26009
45663,JANUARY,MAY-23-BLK5,14855,MAIN,,C-4B,19.65,291900.75
45663,JANUARY,NOV-24-TNK1,3857,MAIN,,D-1D,25,96425
45663,JANUARY,OCT-24-BLK2,21565,MAIN,,D-20C,20.04741518,432322.5083
45664,JANUARY,FEED,8802,MAIN,,,22.81287345,200798.9121
45664,JANUARY,OCT-24-BLK2,17239,MAIN,,D-20C,20.04741518,345597.3902
45665,JANUARY,FEED,8771,MAIN,,,22.81287345,200091.713
45665,JANUARY,MAY-23-BLK5,12454,MAIN,,C-4B,19.65,244721.1
45665,JANUARY,NOV-24-TNK1,2929,MAIN,,D-1D,25,73225
45665,JANUARY,OCT-24-BLK2,6709,MAIN,CLOSED,D-20C,20.04741518,134498.1084
45665,JANUARY,SEPT-24-BLK2,6529,MAIN,,D-20D,18.70334142,122114.1161
45666,JANUARY,MAY-23-BLK5,5922,MAIN,CLOSED,C-4B,19.65,116367.3
45666,JANUARY,NOV-24-TNK1,3182,MAIN,,D-1D,25,79550
45666,JANUARY,SEPT-24-BLK2,21891,MAIN,,D-20D,18.70334142,409434.847
45666,JANUARY,NOV-24-BLK4,2055,MAIN,,D-5D,1.5,3082.5
45667,JANUARY,MAY-23-BLK4,2290,MAIN,,C-4A,19.67,45044.3
45667,JANUARY,NOV-24-TNK1,6257,MAIN,,D-1D,25,156425
45667,JANUARY,SEPT-24-BLK2,29700,MAIN,CLOSED,D-20D,18.70334142,555489.2401
45667,JANUARY,NOV-24-BLK4,6687,MAIN,,D-5D,1.5,10030.5
45668,JANUARY,MAY-23-BLK4,4548,MAIN,,C-4A,19.67,89459.16
45668,JANUARY,FEED,3599,MAIN,,,22.81287345,82103.53154
45668,JANUARY,NOV-24-BLK2,20046,MAIN,,D-19D,22,441012
45668,JANUARY,NOV-24-TNK1,3401,MAIN,CLOSED,D-1D,25,85025
45668,JANUARY,NOV-24-BLK4,2171,MAIN,,D-5D,1.5,3256.5
45670,JANUARY,MAY-23-BLK4,3777,MAIN,,C-4A,19.67,74293.59
45670,JANUARY,FEED,3599,MAIN,,,22.81287345,82103.53154
45670,JANUARY,NOV-24-BLK2,15025,MAIN,,D-19D,22,330550
45670,JANUARY,NOV-24-TNK2,3753,MAIN,,D-1C,26,97578
45671,JANUARY,MAY-23-BLK4,3435,MAIN,,C-4A,19.67,67566.45
45671,JANUARY,FEED,3599,MAIN,,,22.81287345,82103.53154
45671,JANUARY,NOV-24-BLK2,5131,MAIN,,D-19D,22,112882
45671,JANUARY,NOV-24-TNK2,6343,MAIN,,D-1C,26,164918
45671,JANUARY,NOV-24-BLK4,2051,MAIN,CLOSED,D-5D,1.5,3076.5
45671,JANUARY,MAY-24-BLK3,1438,MAIN,,D-7D,19.18330349,27585.59042
45673,JANUARY,MAY-23-BLK4,4523,MAIN,,C-4A,19.67,88967.41
45673,JANUARY,FEED,3599,MAIN,,,22.81287345,82103.53154
45673,JANUARY,NOV-24-BLK2,3669,MAIN,,D-19D,22,80718
45673,JANUARY,NOV-24-TNK2,4888,MAIN,,D-1C,26,127088
45673,JANUARY,MAY-24-BLK3,14616,MAIN,,D-7D,19.18330349,280383.1638
45674,JANUARY,MAY-23-BLK4,2981,MAIN,,C-4A,19.67,58636.27
45674,JANUARY,FEED,3599,MAIN,,,22.81287345,82103.53154
45674,JANUARY,NOV-24-TNK2,3543,MAIN,,D-1C,26,92118
45674,JANUARY,MAY-24-BLK3,15499,MAIN,,D-7D,19.18330349,297322.0208
45677,JANUARY,MAY-23-BLK4,5964,MAIN,,C-4A,19.67,117311.88
45677,JANUARY,FEED,9220,MAIN,,,22.81287345,210334.6932
45677,JANUARY,NOV-24-TNK2,5583,MAIN,,D-1C,26,145158
45677,JANUARY,JULY-24-BLK3,4216,MAIN,,D-7C,21.09673227,88943.82325
45677,JANUARY,MAY-24-BLK3,18768,MAIN,CLOSED,D-7D,19.18330349,360032.2399
45678,JANUARY,MAY-23-BLK4,4946,MAIN,,C-4A,19.67,97287.82
45678,JANUARY,FEED,9220,MAIN,,,22.81287345,210334.6932
45678,JANUARY,NOV-24-TNK2,4640,MAIN,,D-1C,26,120640
45678,JANUARY,JULY-24-BLK3,21438,MAIN,,D-7C,21.09673227,452271.7464
45679,JANUARY,MAY-23-BLK4,4799,MAIN,,C-4A,19.67,94396.33
45679,JANUARY,NOV-24-BLK2,4516,MAIN,CLOSED,D-19D,22,99352
45679,JANUARY,NOV-24-TNK2,7773,MAIN,,D-1C,26,202098
45679,JANUARY,JULY-24-BLK3,19813,MAIN,,D-7C,21.09673227,417989.5564
45680,JANUARY,MAY-23-BLK4,3616,MAIN,,C-4A,19.67,71126.72
45680,JANUARY,FEED,8687,MAIN,,,22.81287345,198175.4316
45680,JANUARY,NOV-24-TNK2,3583,MAIN,,D-1C,26,93158
45680,JANUARY,SEPT-24-BLK3,8599,MAIN,,D-7B,21.732341,186876.4003
45680,JANUARY,JULY-24-BLK3,6911,MAIN,CLOSED,D-7C,21.09673227,145799.5167
45681,JANUARY,MAY-23-BLK4,2277,MAIN,,C-4A,19.67,44788.59
45681,JANUARY,FEED,4344,MAIN,,,22.81287345,99099.12226
45681,JANUARY,NOV-24-TNK2,2314,MAIN,,D-1C,26,60164
45681,JANUARY,SEPT-24-BLK3,9823,MAIN,,D-7B,21.732341,213476.7857
45684,JANUARY,MAY-23-BLK4,2093,MAIN,,C-4A,19.67,41169.31
45684,JANUARY,FEED,2172,MAIN,,,22.81287345,49549.56113
45684,JANUARY,NOV-24-TNK2,2315,MAIN,,D-1C,26,60190
45684,JANUARY,SEPT-24-BLK3,9698,MAIN,,D-7B,21.732341,210760.243
45685,JANUARY,MAY-23-BLK4,2765,MAIN,,C-4A,19.67,54387.55
45685,JANUARY,FEED,2172,MAIN,,,22.81287345,49549.56113
45685,JANUARY,NOV-24-TNK2,9429,MAIN,,D-1C,26,245154
45685,JANUARY,SEPT-24-BLK3,13450,MAIN,,D-7B,21.732341,292299.9865
45687,JANUARY,MAY-23-BLK4,3776,MAIN,,C-4A,19.67,74273.92
45687,JANUARY,DEC-24-TNK1,10064,MAIN,,D-1B,26.5,266696
45687,JANUARY,NOV-24-TNK2,7418,MAIN,CLOSED,D-1C,26,192868
45687,JANUARY,SEPT-24-BLK3,12084,MAIN,CLOSED,D-7B,21.732341,262613.6087
45687,JANUARY,OCT-24-BLK5,6762,MAIN,,D-8D,23,155526
45688,FEBRUARY,MAY-23-BLK4,1915,MAIN,,C-4A,19.67,37668.05
45688,FEBRUARY,DEC-24-TNK1,8547,MAIN,,D-1B,26.5,226495.5
45688,FEBRUARY,OCT-24-BLK5,10336,MAIN,,D-8D,23,237728
45689,FEBRUARY,MAY-23-BLK4,7499,MAIN,,C-4A,19.67,147505.33
45689,FEBRUARY,DEC-24-TNK1,25106,MAIN,,D-1B,26.5,665309
45689,FEBRUARY,OCT-24-BLK5,6985,MAIN,,D-8D,23,160655
45691,FEBRUARY,MAY-23-BLK4,3329,MAIN,CLOSED,C-4A,19.67,65481.43
45691,FEBRUARY,JUNE-23-BLK2,4834,MAIN,,C-5B,19.75,95471.5
45691,FEBRUARY,FEB-25-FEED1,3587,MAIN,,,25.5,91468.5
45691,FEBRUARY,DEC-24-TNK1,19299,MAIN,CLOSED,D-1B,26.5,511423.5
45691,FEBRUARY,OCT-24-BLK5,3665,MAIN,,D-8D,23,84295
45692,FEBRUARY,JUNE-23-BLK2,13894,MAIN,,C-5B,19.75,274406.5
45692,FEBRUARY,FEB-25-FEED1,3587,MAIN,,,25.5,91468.5
45692,FEBRUARY,JAN-25-TNK3,23161,MAIN,,D-5D,26.5,613766.5
45693,FEBRUARY,JUNE-23-BLK2,12638,MAIN,,C-5B,19.75,249600.5
45693,FEBRUARY,FEB-25-FEED1,5380,MAIN,,,25.5,137190
45693,FEBRUARY,JAN-25-TNK3,21306,MAIN,,D-5D,26.5,564609
45694,FEBRUARY,JULY-24-BLK2,25034,MAIN,,A-9B,18.06209492,452166.4841
45694,FEBRUARY,JUNE-23-BLK2,9305,MAIN,,C-5B,19.75,183773.75
45694,FEBRUARY,FEB-25-FEED1,5381,MAIN,CLOSED,,25.5,137215.5
45694,FEBRUARY,JAN-25-TNK3,14097,MAIN,,D-5D,26.5,373570.5
45695,FEBRUARY,JULY-24-BLK2,18273,MAIN,,A-9B,18.06209492,330048.6604
45695,FEBRUARY,JUNE-23-BLK2,6526,MAIN,,C-5B,19.75,128888.5
45695,FEBRUARY,JAN-25-TNK1,8542,MAIN,,D-4D,26.5,226363
45695,FEBRUARY,JAN-25-TNK3,1943,MAIN,CLOSED,D-5D,26.5,51489.5
45698,FEBRUARY,JULY-24-BLK2,17663,MAIN,CLOSED,A-9B,18.06209492,319030.7825
45698,FEBRUARY,JUNE-23-BLK2,6775,MAIN,,C-5B,19.75,133806.25
45698,FEBRUARY,JAN-25-TNK1,10765,MAIN,,D-4D,26.5,285272.5
45699,FEBRUARY,JUNE-23-BLK2,5500,MAIN,CLOSED,C-5B,19.75,108625
45699,FEBRUARY,FEB-25-FEED2,4242,MAIN,,,27.5,116655
45699,FEBRUARY,JAN-25-TNK1,11260,MAIN,,D-4D,26.5,298390
45699,FEBRUARY,OCT-24-BLK5,7838,MAIN,,D-8D,23,180274
45700,FEBRUARY,MAY-23-BLK6,8955,MAIN,,C-5A,19.68,176234.4
45700,FEBRUARY,FEB-25-FEED2,4242,MAIN,,,27.5,116655
45700,FEBRUARY,JAN-25-TNK1,15762,MAIN,,D-4D,26.5,417693
45700,FEBRUARY,OCT-24-BLK5,12791,MAIN,,D-8D,23,294193
45701,FEBRUARY,MAY-23-BLK6,7012,MAIN,,C-5A,19.68,137996.16
45701,FEBRUARY,FEB-25-FEED2,4242,MAIN,,,27.5,116655
45701,FEBRUARY,JAN-25-TNK1,14076,MAIN,CLOSED,D-4D,26.5,373014
45701,FEBRUARY,DEC-24-BLK5,11312,MAIN,,D-8C,23,260176
45701,FEBRUARY,OCT-24-BLK5,2478,MAIN,CLOSED,D-8D,23,56994
45702,FEBRUARY,MAY-23-BLK6,5950,MAIN,,C-5A,19.68,117096
45702,FEBRUARY,FEB-25-FEED2,4232,MAIN,CLOSED,,27.5,116380
45702,FEBRUARY,JAN-25-TNK2,13620,MAIN,,D-3D,24.96838955,340069.4656
45702,FEBRUARY,DEC-24-BLK5,10199,MAIN,,D-8C,23,234577
45703,FEBRUARY,MAY-23-BLK6,2311,MAIN,,C-5A,19.68,45480.48
45703,FEBRUARY,FEB-25-FEED3,3720,MAIN,,,27.5,102300
45703,FEBRUARY,JAN-25-TNK2,2456,MAIN,,D-3D,24.96838955,61322.36472
45703,FEBRUARY,DEC-24-BLK5,27531,MAIN,,D-8C,23,633213
45705,FEBRUARY,MAY-23-BLK6,1214,MAIN,,C-5A,19.68,23891.52
45705,FEBRUARY,FEB-25-FEED3,3700,MAIN,,,27.5,101750
45705,FEBRUARY,JAN-25-TNK2,2386,MAIN,,D-3D,24.96838955,59574.57746
45705,FEBRUARY,FEB-25-BLK2,15112,MAIN,,D-8B,24,362688
45705,FEBRUARY,DEC-24-BLK5,6292,MAIN,CLOSED,D-8C,23,144716
45706,FEBRUARY,MAY-23-BLK6,2254,MAIN,,C-5A,19.68,44358.72
45706,FEBRUARY,FEB-25-FEED3,3439,MAIN,,,27.5,94572.5
45706,FEBRUARY,NOV-24-BLK8,17939,MAIN,,D-19C,22,394658
45706,FEBRUARY,JAN-25-TNK2,2468,MAIN,,D-3D,24.96838955,61621.9854
45706,FEBRUARY,FEB-25-BLK2,1374,MAIN,CLOSED,D-8B,24,32976
45707,FEBRUARY,FEB-25-FEED3,1250,MAIN,,,27.5,34375
45707,FEBRUARY,NOV-24-BLK8,28857,MAIN,CLOSED,D-19C,22,634854
45708,FEBRUARY,FEB-25-FEED3,1250,MAIN,,,27.5,34375
45708,FEBRUARY,NOV-24-BLK11,28834,MAIN,,D-19B,22.51557941,649214.2167
45709,FEBRUARY,MAY-23-BLK6,2851,MAIN,,C-5A,19.68,56107.68
45709,FEBRUARY,FEB-25-FEED3,1500,MAIN,CLOSED,,27.5,41250
45709,FEBRUARY,DEC-24-BLK3,8565,MAIN,,D-19A,23.5,201277.5
45709,FEBRUARY,NOV-24-BLK11,14976,MAIN,CLOSED,D-19B,22.51557941,337193.3172
45709,FEBRUARY,JAN-25-TNK2,4234,MAIN,,D-3D,24.96838955,105716.1613
45710,FEBRUARY,MAY-23-BLK6,3625,MAIN,,C-5A,19.68,71340
45710,FEBRUARY,DEC-24-BLK3,23526,MAIN,,D-19A,23.5,552861
45710,FEBRUARY,JAN-25-TNK2,6322,MAIN,,D-3D,24.96838955,157850.1587
45712,FEBRUARY,MAY-23-BLK6,3830,MAIN,,C-5A,19.68,75374.4
45712,FEBRUARY,DEC-24-BLK3,17684,MAIN,,D-19A,23.5,415574
45712,FEBRUARY,JAN-25-TNK2,5711,MAIN,,D-3D,24.96838955,142594.4727
45713,FEBRUARY,MAY-23-BLK6,1673,MAIN,,C-5A,19.68,32924.64
45713,FEBRUARY,FEB-25-FEED4,4313,MAIN,,,28,120764
45713,FEBRUARY,DEC-24-BLK7,14904,MAIN,,D-18D,23.5,350244
45713,FEBRUARY,DEC-24-BLK3,2082,MAIN,CLOSED,D-19A,23.5,48927
45713,FEBRUARY,JAN-25-TNK2,3044,MAIN,,D-3D,24.96838955,76003.77778
45714,FEBRUARY,MAY-23-BLK6,1840,MAIN,,C-5A,19.68,36211.2
45714,FEBRUARY,FEB-25-FEED4,4313,MAIN,,,28,120764
45714,FEBRUARY,DEC-24-BLK7,8443,MAIN,,D-18D,23.5,198410.5
45714,FEBRUARY,JAN-25-TNK2,2738,MAIN,,D-3D,24.96838955,68363.45058
45715,FEBRUARY,MAY-23-BLK6,3596,MAIN,,C-5A,19.68,70769.28
45715,FEBRUARY,FEB-25-FEED4,3229,MAIN,,,28,90412
45715,FEBRUARY,DEC-24-BLK7,21545,MAIN,,D-18D,23.5,506307.5
45715,FEBRUARY,JAN-25-TNK2,6084,MAIN,,D-3D,24.96838955,151907.682
45716,MARCH,MAY-23-BLK6,3434,MAIN,,C-5A,19.68,67581.12
45716,MARCH,FEB-25-FEED4,2200,MAIN,,,28,61600
45716,FEBRUARY,DEC-24-BLK7,3694,MAIN,CLOSED,D-18D,23.5,86809
45716,MARCH,JAN-25-TNK2,5754,MAIN,,D-3D,24.96838955,143668.1134
45719,MARCH,MAY-23-BLK6,9910,MAIN,,C-5A,19.68,195028.8
45719,MARCH,FEB-25-FEED4,1200,MAIN,,,28,33600
45719,MARCH,JAN-25-TNK2,5737,MAIN,CLOSED,D-3D,24.96838955,143243.6508
45719,MARCH,JAN-25-TNK4,10922,MAIN,OPENED,D-5C,26.5,289433
45720,MARCH,MAY-24-BLK7,7118,MAIN,,C-11B,19.33665538,137638.313
45720,MARCH,MAY-23-BLK6,4865,MAIN,CLOSED,C-5A,19.68,95743.2
45720,MARCH,FEB-25-FEED4,600,MAIN,,,28,16800
45720,MARCH,JAN-25-TNK4,21208,MAIN,,D-5C,26.5,562012
45721,MARCH,MAY-24-BLK7,10710,MAIN,,C-11B,19.33665538,207095.5791
45721,MARCH,FEB-25-FEED4,1400,MAN,CLOSED,,28,39200
45721,MARCH,JAN-25-TNK4,10369,MAIN,,D-5C,26.5,274778.5
45722,MARCH,MAY-24-BLK7,12486,MAIN,,C-11B,19.33665538,241437.479
45722,MARCH,FEB-25-TNK1,11037,MAIN,,D-1D,26.5,292480.5
45722,MARCH,JAN-25-TNK4,9100,MAIN,CLOSED,D-5C,26.5,241150
45723,MARCH,MARCH-25-FEED1,4197,MAIN,,,28,117516
45723,MARCH,FEB-25-TNK1,17640,MAIN,,D-1D,26.5,467460
45726,MARCH,MARCH-25-FEED1,12593,MAIN,CLOSED,,28,352604
45726,MARCH,FEB-25-TNK1,28781,MAIN,,D-1D,26.5,762696.5
45727,MARCH,MAY-24-BLK7,6281,MAIN,,C-11B,19.33665538,121453.5324
45727,MARCH,JUNE-23-BLK4,16034,MAIN,,C-7B,19.68,315549.12
45727,MARCH,FEB-25-TNK2,18799,MAIN,,D-1C,28,526372
45727,MARCH,FEB-25-TNK1,4769,MAIN,CLOSED,D-1D,26.5,126378.5
45728,MARCH,MAY-24-BLK7,3259,MAIN,,C-11B,19.33665538,63018.15987
45728,MARCH,JUNE-23-BLK4,14636,MAIN,,C-7B,19.68,288036.48
45728,MARCH,FEB-25-TNK2,13640,MAIN,,D-1C,28,381920
45729,MARCH,MAY-24-BLK7,2772,MAIN,,C-11B,19.33665538,53601.2087
45729,MARCH,JUNE-23-BLK4,3101,MAIN,,C-7B,19.68,61027.68
45729,MARCH,DEC-24-BLK9,5326,MAIN,,D-18C,23.5,125161
45729,MARCH,FEB-25-TNK2,28085,MAIN,CLOSED,D-1C,28,786380
45730,MARCH,MAY-24-BLK7,1743,MAIN,,C-11B,19.33665538,33703.79032
45730,MARCH,JUNE-23-BLK4,1630,MAIN,,C-7B,19.68,32078.4
45730,MARCH,DEC-24-BLK9,10813,MAIN,,D-18C,23.5,254105.5
45730,MARCH,FEB-25-TNK3,19728,MAIN,,D-1B,28,552384
45731,MARCH,MAY-24-BLK7,913,MAIN,,C-11B,19.33665538,17654.36636
45731,MARCH,JUNE-23-BLK4,1351,MAIN,,C-7B,19.68,26587.68
45731,MARCH,DEC-24-BLK9,5433,MIAN,,D-18C,23.5,127675.5
45731,MARCH,MARCH-25-FEED2,500,MAIN,,,29,14500
45731,MARCH,FEB-25-TNK3,9922,MAIN,,D-1B,28,277816
45734,MARCH,MAY-24-BLK7,2751,MAIN,,C-11B,19.33665538,53195.13894
45734,MARCH,JUNE-23-BLK4,3184,MAIN,,C-7B,19.68,62661.12
45734,MARCH,DEC-24-BLK9,14845,MAIN,,D-18C,23.5,348857.5
45734,MARCH,MARCH-25-FEED2,500,MAIN,,,29,14500
45734,MARCH,FEB-25-TNK3,26429,MAIN,,D-1B,28,740012
45735,MARCH,MAY-24-BLK7,2169,MAIN,,C-11B,19.33665538,41941.20551
45735,MARCH,JUNE-23-BLK4,2400,MAIN,,C-7B,19.68,47232
45735,MARCH,DEC-24-BLK9,10576,MAIN,,D-18C,23.5,248536
45735,MARCH,MARCH-25-FEED2,500,MAIN,,,29,14500
45735,MARCH,FEB-25-TNK3,5083,MAIN,CLOSED,D-1B,28,142324
45735,MARCH,MARCH-25-TNK1,12011,MAIN,,D-5D,29,348319
45736,MARCH,MAY-24-BLK7,1945,MAIN,,C-11B,19.33665538,37609.79471
45736,MARCH,JUNE-23-BLK4,1865,MAIN,,C-7B,19.68,36703.2
45736,MARCH,JAN-25-BLK1,7842,MAIN,,D-18B,23.5,184287
45736,MARCH,DEC-24-BLK9,2578,MAIN,CLOSED,D-18C,23.5,60583
45736,MARCH,MARCH-25-FEED2,500,MAIN,,,29,14500
45736,MARCH,MARCH-25-TNK1,16667,MAIN,,D-5D,29,483343
45737,MARCH,MAY-24-BLK7,1873,MAIN,,C-11B,19.33665538,36217.55552
45737,MARCH,JUNE-23-BLK4,2164,MAIN,,C-7B,19.68,42587.52
45737,MARCH,JAN-25-BLK1,9880,MAIN,,D-18B,23.5,232180
45737,MARCH,MARCH-25-FEED2,500,MAIN,,,29,14500
45737,MARCH,MARCH-25-TNK2,15848,MAIN,,D-5C,30,475440
45737,MARCH,MARCH-25-TNK1,2968,MAIN,CLOSED,D-5D,29,86072
45738,MARCH,MAY-24-BLK7,1785,MAIN,CLOSED,C-11B,19.33665538,34515.92985
45738,MARCH,JUNE-23-BLK4,2700,MAIN,,C-7B,19.68,53136
45738,MARCH,JAN-25-BLK1,14812,MAIN,,D-18B,23.5,348082
45738,MARCH,MARCH-25-FEED2,500,MAIN,,,29,14500
45738,MARCH,MARCH-25-TNK2,17032,MAIN,,D-5C,30,510960
45740,MARCH,MAY-24-BLK6,2259,MAIN,,C-11A,19.25,43485.75
45740,MARCH,JUNE-23-BLK4,1872,MAIN,,C-7B,19.68,36840.96
45740,MARCH,JAN-25-BLK1,19282,MAIN,CLOSED,D-18B,23.5,453127
45740,MARCH,MARCH-25-FEED2,500,MAIN,,,29,14500
45740,MARCH,MARCH-25-TNK2,16658,MAIN,,D-5C,30,499740
45741,MARCH,MAY-24-BLK6,2006,MAIN,,C-11A,19.25,38615.5
45741,MARCH,JUNE-23-BLK4,2040,MAIN,,C-7B,19.68,40147.2
45741,MARCH,JAN-25-BLK3,20423,MAIN,,D-18A,23.5,479940.5
45741,MARCH,MARCH-25-FEED2,500,MAIN,,,29,14500
45741,MARCH,MARCH-25-TNK3,6657,MAIN,,D-1D,30,199710
45741,MARCH,MARCH-25-TNK2,9755,MAIN,CLOSED,D-5C,30,292650
45742,MARCH,MAY-24-BLK6,2046,MAIN,,C-11A,19.25,39385.5
45742,MARCH,JUNE-23-BLK4,2019,MAIN,,C-7B,19.68,39733.92
45742,MARCH,JAN-25-BLK3,16133,MAIN,,D-18A,23.5,379125.5
45742,MARCH,MARCH-25-FEED2,1000,MAIN,,,29,29000
45742,MARCH,MARCH-25-TNK3,17075,MAIN,,D-1D,30,512250
45743,MARCH,JUNE-24-BLK2,4177,MAIN,,A-9A,17.08792253,71376.25239
45743,MARCH,MAY-24-BLK6,8652,MAIN,,C-11A,19.25,166551
45743,MARCH,JUNE-23-BLK4,8721,MAIN,,C-7B,19.68,171629.28
45743,MARCH,MARCH-25-FEED2,10000,MAIN,,,29,290000
45743,MARCH,MARCH-25-TNK3,6941,MAIN,CLOSED,D-1D,30,208230
45744,MARCH,MARCH-25-FEED2,2144,MAIN,CLOSED,,29,62176
45745,MARCH,JUNE-24-BLK2,6354,MAIN,,A-9A,17.08792253,108576.6597
45745,MARCH,MAY-24-BLK6,5751,MAIN,,C-11A,19.25,110706.75
45745,MARCH,JUNE-23-BLK4,3089,MAIN,CLOSED,C-7B,19.68,60791.52
45748,APRIL,JUNE-24-BLK2,14092,MAIN,,A-9A,17.08792253,240803.0042
45748,APRIL,MAY-24-BLK6,8362,MAIN,,C-11A,19.25,160968.5
45748,APRIL,JUNE-23-BLK3,12663,MAIN,,C-7A,19.61,248321.43
45749,APRIL,JUNE-24-BLK2,11871,MAIN,,A-9A,17.08792253,202850.7283
45749,APRIL,MAY-24-BLK6,8112,MAIN,,C-11A,19.25,156156
45749,APRIL,JUNE-23-BLK3,9106,MAIN,,C-7A,19.61,178568.66
45749,APRIL,APRIL-25-FEED1,3228,MAIN,,,30,96840
45750,APRIL,JUNE-24-BLK2,16297,MAIN,,A-9A,17.08792253,278481.8734
45750,APRIL,MAY-24-BLK6,11228,MAIN,,C-11A,19.25,216139
45750,APRIL,JUNE-23-BLK3,13128,MAIN,,C-7A,19.61,257440.08
45750,APRIL,APRIL-25-FEED1,500,MAIN,,,30,15000
45751,APRIL,JUNE-24-BLK2,7923,MAIN,,A-9A,17.08792253,135387.6102
45751,APRIL,MAY-24-BLK6,4895,MAIN,CLOSED,C-11A,19.25,94228.75
45751,APRIL,JUNE-23-BLK3,6169,MAIN,,C-7A,19.61,120974.09
45751,APRIL,APRIL-25-FEED1,500,MAIN,,,30,15000
45752,APRIL,OCT-24-BLK4,8820,MAIN,,A-8A,22,194040
45752,APRIL,JUNE-24-BLK2,8331,MAIN,CLOSED,A-9A,17.08792253,142359.4826
45752,APRIL,AUG-24-BLK4,12704,MAIN,,C-20B,17.75,225496
45752,APRIL,JUNE-23-BLK3,11971,MAIN,,C-7A,19.61,234751.31
45752,APRIL,APRIL-25-FEED1,500,MAIN,,,30,15000
45754,APRIL,OCT-24-BLK4,14340,MAIN,,A-8A,22,315480
45754,APRIL,AUG-24-BLK4,11374,MAIN,,C-20B,17.75,201888.5
45754,APRIL,JUNE-23-BLK3,11858,MAIN,,C-7A,19.61,232535.38
45754,APRIL,APRIL-25-FEED1,500,MAIN,,,30,15000
45755,APRIL,OCT-24-BLK4,10793,MAIN,CLOSED,A-8A,22,237446
45755,APRIL,AUG-24-BLK4,7757,MAIN,,C-20B,17.75,137686.75
45755,APRIL,JUNE-23-BLK3,2361,MAIN,CLOSED,C-7A,19.61,46299.21
45755,APRIL,JULY-23-BLK2,4136,MAIN,,C-8B,18.75,77550
45755,APRIL,APRIL-25-FEED1,10000,MAIN,CLOSED,,30,300000
45756,APRIL,AUG-24-BLK4,6789,MAIN,,C-20B,17.75,120504.75
45756,APRIL,JULY-23-BLK2,6297,MAIN,,C-8B,18.75,118068.75
45756,APRIL,DEC-24-BLK6,6870,MAIN,,D-13B,24.18120372,166124.8696
45756,APRIL,APRIL-25-FEED2,6893,MAIN,,,31,213683
45757,APRIL,AUG-24-BLK4,7487,MAIN,,C-20B,17.75,132894.25
45757,APRIL,JULY-23-BLK2,8122,MAIN,,C-8B,18.75,152287.5
45757,APRIL,DEC-24-BLK6,10747,MAIN,,D-13B,24.18120372,259875.3964
45757,APRIL,APRIL-25-FEED2,6893,MAIN,CLOSED,,31,213683
45758,APRIL,AUG-24-BLK4,8468,MAIN,CLOSED,C-20B,17.75,150307
45758,APRIL,JULY-23-BLK2,12682,MAIN,,C-8B,18.75,237787.5
45758,APRIL,DEC-24-BLK6,17114,MAIN,,D-13B,24.18120372,413837.1205
45758,APRIL,FEB-25-BLK4,3937,MAIN,,D-7D,27,106299
45761,APRIL,JULY-23-BLK2,8499,MAIN,,C-8B,18.75,159356.25
45761,APRIL,DEC-24-BLK6,11091,MAIN,,D-13B,24.18120372,268193.7305
45761,APRIL,APRIL-25-FEED3,3790,MAIN,,,31,117490
45761,APRIL,FEB-25-BLK4,8199,MAIN,,D-7D,27,221373
45762,APRIL,JULY-23-BLK2,7216,MAIN,,C-8B,18.75,135300
45762,APRIL,DEC-24-BLK6,7362,MAIN,CLOSED,D-13B,24.18120372,178022.0218
45762,APRIL,APRIL-25-FEED3,6500,MAIN,,,31,201500
45762,APRIL,FEB-25-BLK4,8708,MAIN,,D-7D,27,235116
45763,APRIL,JULY-23-BLK2,5691,MAIN,,C-8B,18.75,106706.25
45763,APRIL,APRIL-25-FEED3,3250,MAIN,,,31,100750
45763,APRIL,FEB-25-BLK4,5574,MAIN,,D-7D,27,150498
45768,APRIL,JAN-25-BLK2,6196,MAIN,,A-17A,25,154900
45768,APRIL,JULY-23-BLK1,5019,MAIN,,C-8A,18.59,93303.21
45768,APRIL,JULY-23-BLK2,4364,MAIN,CLOSED,C-8B,18.75,81825
45768,APRIL,APRIL-25-FEED3,3250,MAIN,CLOSED,,31,100750
45768,APRIL,FEB-25-BLK4,24681,MAIN,CLOSED,D-7D,27,666387
45769,APRIL,JAN-25-BLK2,18376,MAIN,,A-17A,25,459400
45769,APRIL,JULY-23-BLK1,17061,MAIN,,C-8A,18.59,317163.99
45770,APRIL,JAN-25-BLK2,16768,MAIN,,A-17A,25,419200
45770,APRIL,JULY-23-BLK1,17098,MAIN,,C-8A,18.59,317851.82
45771,APRIL,JAN-25-BLK2,10791,MAIN,,A-17A,25,269775
45771,APRIL,JULY-23-BLK1,11613,MAIN,,C-8A,18.59,215885.67
45771,APRIL,APRIL-25-FEED4,5000,MAIN,,,33.5,167500
45771,APRIL,FEB-25-BLK8,5218,MAIN,,D-7C,27.65503368,144303.9658
45772,APRIL,JAN-25-BLK2,4193,MAIN,,A-17A,25,104825
45772,APRIL,JULY-23-BLK1,6800,MAIN,CLOSED,C-8A,18.59,126412
45772,APRIL,AUG-23-BLK1,2023,MAIN,,C-9B,18.39,37202.97
45772,APRIL,APRIL-25-FEED4,15650,MAIN,CLOSED,,33.5,524275
45772,APRIL,FEB-25-BLK8,7702,MAIN,,D-7C,27.65503368,212999.0694
45773,APRIL,JAN-25-BLK2,3374,MAIN,,A-17A,25,84350
45773,APRIL,AUG-23-BLK1,6886,MAIN,,C-9B,18.39,126633.54
45773,APRIL,APRIL-25-FEED5,16190,MAIN,CLOSED,,31,501890
45773,APRIL,FEB-25-BLK8,7140,MAIN,,D-7C,27.65503368,197456.9405
45775,APRIL,JAN-25-BLK2,5269,MAIN,,A-17A,25,131725
45775,APRIL,AUG-23-BLK1,13258,MAIN,,C-9B,18.39,243814.62
45775,APRIL,APRIL-25-FEED6,3040,MAIN,,,31,94240
45775,APRIL,FEB-25-BLK8,14633,MAIN,,D-7C,27.65503368,404676.1079
45776,APRIL,JAN-25-BLK2,4476,MAIN,CLOSED,A-17A,25,111900
45776,APRIL,AUG-23-BLK1,8963,MAIN,,C-9B,18.39,164829.57
45776,APRIL,APRIL-25-FEED6,1100,MAIN,,,31,34100
45776,APRIL,FEB-25-BLK8,8154,MAIN,,D-7C,27.65503368,225499.1446
45777,APRIL,AUG-23-BLK1,4213,MAIN,,C-9B,18.39,77477.07
45777,MAY,AUG-23-BLK1,2936,MAIN,,C-9B,18.39,53993.04
45777,APRIL,APRIL-25-FEED6,10000,MAIN,CLOSED,,31,310000
45777,APRIL,FEB-25-BLK8,7306,MAIN,,D-7C,27.65503368,202047.6761
45777,MAY,FEB-25-BLK8,2336,MAIN,CLOSED,D-7C,27.65503368,64602.15868
45779,MAY,MARCH-25-BLK10,4346,MAIN,,A-17B,30.51282051,132608.7179
45779,MAY,APRIL-25-BLK9,12798,MAIN,,C-17B,31,396738
45779,MAY,AUG-23-BLK1,10050,MAIN,,C-9B,18.39,184819.5
45779,MAY,MARCH-25-BLK5,7644,MAIN,,D-7B,29.34338036,224300.7994
45780,MAY,MARCH-25-BLK10,6330,MAIN,,A-17B,30.51282051,193146.1538
45780,MAY,APRIL-25-BLK9,4138,MAIN,CLOSED,C-17B,31,128278
45780,MAY,AUG-23-BLK1,4717,MAIN,CLOSED,C-9B,18.39,86745.63
45780,MAY,JAN-25-BLK4,1567,MAIN,,D-17D,23.5,36824.5
45780,MAY,JAN-25-BLK3,8447,MAIN,CLOSED,D-18A,23.5,198504.5
45780,MAY,MARCH-25-BLK5,8872,MAIN,,D-7B,29.34338036,260334.4705
45782,MAY,MARCH-25-BLK10,7675,MAIN,,A-17B,30.51282051,234185.8974
45782,MAY,JAN-25-BLK4,15277,MAIN,,D-17D,23.5,359009.5
45782,MAY,MAY-25-FEED1,1200,MAIN,,,33.75,40500
45782,MAY,MARCH-25-BLK5,9594,MAIN,,D-7B,29.34338036,281520.3911
45783,MAY,MARCH-25-BLK10,6618,MAIN,,A-17B,30.51282051,201933.8462
45783,MAY,JAN-25-BLK4,15030,MAIN,,D-17D,23.5,353205
45783,MAY,MAY-25-FEED1,1200,MAIN,,,33.75,40500
45783,MAY,MARCH-25-BLK5,8598,MAIN,,D-7B,29.34338036,252294.3843
45784,MAY,MARCH-25-BLK10,9407,MAIN,,A-17B,30.51282051,287034.1026
45784,MAY,JAN-25-BLK4,15661,MAIN,,D-17D,23.5,368033.5
45784,MAY,MAY-25-FEED1,1500,MAIN,,,33.75,50625
45784,MAY,MARCH-25-BLK5,13175,MAIN,,D-7B,29.34338036,386599.0362
45785,MAY,MARCH-25-BLK10,6810,MAIN,,A-17B,30.51282051,207792.3077
45785,MAY,JAN-25-BLK6,4482,MAIN,,D-17C,23.5,105327
45785,MAY,JAN-25-BLK4,10256,MAIN,CLOSED,D-17D,23.5,241016
45785,MAY,MAY-25-FEED1,1500,MAIN,,,33.75,50625
45785,MAY,MARCH-25-BLK5,7519,MAIN,CLOSED,D-7B,29.34338036,220632.8769
45785,MAY,MARCH-25-BLK9,2463,MAIN,,D-8D,30.30735486,74647.01501
45786,MAY,MARCH-25-BLK10,6816,MAIN,,A-17B,30.51282051,207975.3846
45786,MAY,JAN-25-BLK6,14910,MAIN,,D-17C,23.5,350385
45786,MAY,MAY-25-FEED1,1500,MAIN,,,33.75,50625
45786,MAY,MARCH-25-BLK9,9897,MAIN,,D-8D,30.30735486,299951.891
45787,MAY,MARCH-25-BLK10,6418,MAIN,,A-17B,30.51282051,195831.2821
45787,MAY,JAN-25-BLK6,15518,MAIN,,D-17C,23.5,364673
45787,MAY,MAY-25-FEED1,7400,MAIN,,,33.75,249750
45787,MAY,MARCH-25-BLK9,9298,MAIN,,D-8D,30.30735486,281797.7854
45790,MAY,MARCH-25-BLK10,8344,MAIN,,A-17B,30.51282051,254598.9744
45790,MAY,FEB-25-BLK1,7227,MAIN,,D-17B,24,173448
45790,MAY,JAN-25-BLK6,5484,MAIN,CLOSED,D-17C,23.5,128874
45790,MAY,MAY-25-FEED1,5820,MAIN,CLOSED,,33.75,196425
45790,MAY,MARCH-25-BLK9,13155,MAIN,,D-8D,30.30735486,398693.2531
45791,MAY,MARCH-25-BLK10,6908,MAIN,CLOSED,A-17B,30.51282051,210782.5641
45791,MAY,FEB-25-BLK1,14548,MAIN,,D-17B,24,349152
45791,MAY,MAY-25-FEED2,600,MAIN,,,34.5,20700
45791,MAY,MARCH-25-BLK9,9724,MAIN,,D-8D,30.30735486,294708.7186
45792,MAY,APRIL-25-BLK2,5828,MAIN,,C-5A,30,174840
45792,MAY,FEB-25-BLK1,14961,MAIN,,D-17B,24,359064
45792,MAY,MAY-25-FEED2,600,MAIN,,,34.5,20700
45792,MAY,MARCH-25-BLK9,11125,MAIN,,D-8D,30.30735486,337169.3228
45793,MAY,APRIL-25-BLK2,7287,MAIN,,C-5A,30,218610
45793,MAY,FEB-25-BLK1,9723,MAIN,CLOSED,D-17B,24,233352
45793,MAY,MAY-25-FEED2,800,MAIN,,,34.5,27600
45793,MAY,MARCH-25-BLK9,11188,MAIN,,D-8D,30.30735486,339078.6861
45794,MAY,APRIL-25-BLK2,530,MAIN,CLOSED,C-5A,30,15900
45794,MAY,APRIL-25-BLK10,15865,MAIN,CLOSED,D-15D,31,491815
45794,MAY,MAY-25-FEED2,16000,MAIN,,,34.5,552000
45794,MAY,APRIL-25-BLK7,17078,MAIN,,D-8C,31.5,537957
45794,MAY,MARCH-25-BLK9,4184,MAIN,CLOSED,D-8D,30.30735486,126805.9727
45796,MAY,APRIL-25-BLK5,2699,MAIN,,A-18B,32.05555966,86517.95552
45796,MAY,MARCH-25-TNK4,2834,MAIN,,D-5D,30.5,86437
45796,MAY,MAY-25-FEED2,2220,MAIN,CLOSED,,34.5,76590
45796,MAY,APRIL-25-BLK7,13609,MAIN,,D-8C,31.5,428683.5
45796,MAY,MARCH-25-BLK7,11340,MAIN,CLOSED,D-9A,30,340200
45797,MAY,APRIL-25-BLK5,12706,MAIN,,A-18B,32.05555966,407297.941
45797,MAY,MARCH-25-TNK4,6095,MAIN,,D-5D,30.5,185897.5
45797,MAY,MAY-25-FEED3,3000,MAIN,,,35.5,106500
45797,MAY,APRIL-25-BLK7,11329,MAIN,,D-8C,31.5,356863.5
45798,MAY,APRIL-25-BLK5,8658,MAIN,,A-18B,32.05555966,277537.0355
45798,MAY,MARCH-25-TNK4,5503,MAIN,,D-5D,30.5,167841.5
45798,MAY,MAY-25-FEED3,8000,MAIN,,,35.5,284000
45798,MAY,APRIL-25-BLK7,9447,MAIN,,D-8C,31.5,297580.5
45799,MAY,APRIL-25-BLK5,11370,MAIN,,A-18B,32.05555966,364471.7133
45799,MAY,MARCH-25-TNK4,6339,MAIN,,D-5D,30.5,193339.5
45799,MAY,MAY-25-FEED3,7610,MAIN,CLOSED,,35.5,270155
45799,MAY,APRIL-25-BLK11,3820,MAIN,,D-8B,31.5,120330
45799,MAY,APRIL-25-BLK7,7278,MAIN,CLOSED,D-8C,31.5,229257
45800,MAY,APRIL-25-BLK5,18268,MAIN,,A-18B,32.05555966,585590.9639
45800,MAY,MARCH-25-TNK4,4659,MAIN,,D-5D,30.5,142099.5
45800,MAY,APRIL-25-BLK11,23264,MAIN,,D-8B,31.5,732816
45801,MAY,APRIL-25-BLK5,11780,MAIN,CLOSED,A-18B,32.05555966,377614.4928
45801,MAY,APRIL-25-BLK1,5605,MAIN,,D-11D,32.2916935,180994.942
45801,MAY,MARCH-25-TNK4,4525,MAIN,,D-5D,30.5,138012.5
45801,MAY,APRIL-25-BLK11,20406,MAIN,,D-8B,31.5,642789
45803,MAY,APRIL-25-BLK1,10772,MAIN,,D-11D,32.2916935,347846.1223
45803,MAY,MARCH-25-TNK4,3288,MAIN,,D-5D,30.5,100284
45803,MAY,MAY-25-FEED4,5160,MAIN,,,35,180600
45803,MAY,MAY-25-BLK4,9442,MAIN,,D-8A,33,311586
45803,MAY,APRIL-25-BLK11,6377,MAIN,CLOSED,D-8B,31.5,200875.5
45804,MAY,APRIL-25-BLK1,10388,MAIN,,D-11D,32.2916935,335446.112
45804,MAY,MARCH-25-TNK4,3230,MAIN,,D-5D,30.5,98515
45804,MAY,MAY-25-FEED4,12000,MAIN,CLOSED,,35,420000
45804,MAY,MAY-25-BLK4,13303,MAIN,,D-8A,33,438999
45805,MAY,APRIL-25-BLK1,11471,MAIN,CLOSED,D-11D,32.2916935,370418.0161
45805,MAY,MAY-25-BLK1,4474,MAIN,,D-15C,34,152116
45805,MAY,MARCH-25-TNK4,5067,MAIN,,D-5D,30.5,154543.5
45805,MAY,MAY-25-BLK4,23511,MAIN,,D-8A,33,775863
45806,MAY,JAN-25-BLK5,13672,MAIN,,A-18A,25.86378916,353609.7254
45806,MAY,MAY-25-BLK1,14230,MAIN,CLOSED,D-15C,34,483820
45806,MAY,MARCH-25-TNK4,10126,MAIN,,D-5D,30.5,308843
45806,MAY,MAY-25-BLK4,8888,MAIN,CLOSED,D-8A,33,293304
45807,MAY,JAN-25-BLK5,12157,MAIN,,A-18A,25.86378916,314426.0848
45807,MAY,MARCH-25-TNK4,12039,MAIN,CLOSED,D-5D,30.5,367189.5
45808,JUNE,JAN-25-BLK5,10144,MAIN,,A-18A,25.86378916,262362.2772
45808,JUNE,APRIL-25-TNK1,6843,MAIN,,D-5C,32,218976
45808,JUNE,MAY-25-FEED5,1090,MAIN,,,35,38150
45810,JUNE,JAN-25-BLK5,16813,MAIN,,A-18A,25.86378916,434847.8871
45810,JUNE,APRIL-25-TNK1,11577,MAIN,,D-5C,32,370464
45810,JUNE,MAY-25-FEED5,16700,MAIN,CLOSED,,35,584500
45811,JUNE,JAN-25-BLK5,13999,MAIN,CLOSED,A-18A,25.86378916,362067.1844
45811,JUNE,MARCH-25-BLK8,14750,MAIN,,A-19C,30,442500
45811,JUNE,MAY-25-TNK3,5087,MAIN,,D-1A,36,183132
45811,JUNE,APRIL-25-TNK1,12736,MAIN,CLOSED,D-5C,32,407552
45812,JUNE,MARCH-25-BLK8,20306,MAIN,,A-19C,30,609180
45812,JUNE,MAY-25-TNK3,13847,MAIN,,D-1A,36,498492
45813,JUNE,MARCH-25-BLK4,10350,MAIN,,A-19B,29.51818236,305513.1874
45813,JUNE,MARCH-25-BLK8,10921,MAIN,CLOSED,A-19C,30,327630
45813,JUNE,MAY-25-TNK3,14405,MAIN,,D-1A,36,518580
45813,JUNE,JUNE-25-FEED1,5200,MAIN,,,35,182000
45814,JUNE,MARCH-25-BLK4,15168,MAIN,,A-19B,29.51818236,447731.79
45814,JUNE,MAY-25-TNK3,9979,MAIN,,D-1A,36,359244
45814,JUNE,JUNE-25-FEED1,7000,MAIN,,,35,245000
45817,JUNE,MARCH-25-BLK4,17077,MAIN,,A-19B,29.51818236,504082.0001
45817,JUNE,MAY-25-TNK3,12233,MAIN,,D-1A,36,440388
45817,JUNE,JUNE-25-FEED1,4000,MAIN,CLOSED,,35,140000
45817,JUNE,JUNE-25-FEED2,3660,MAIN,,,35.5,129930
45818,JUNE,MARCH-25-BLK4,19914,MAIN,,A-19B,29.51818236,587825.0835
45818,JUNE,MAY-25-TNK3,5417,MAIN,CLOSED,D-1A,36,195012
45818,JUNE,MAY-25-TNK2,9765,MAIN,,D-1B,36,351540
45818,JUNE,JUNE-25-FEED2,16000,MAIN,CLOSED,,35.5,568000
45819,JUNE,FEB-25-BLK6,9154,MAIN,,A-19A,27.87147576,255135.4891
45819,JUNE,MARCH-25-BLK4,1856,MAIN,CLOSED,A-19B,29.51818236,54785.74646
45819,JUNE,JULY-23-BLK3,10617,MAIN,,C-9A,18.61,197582.37
45819,JUNE,MAY-25-TNK2,15183,MAIN,,D-1B,36,546588
45820,JUNE,FEB-25-BLK6,10024,MAIN,,A-19A,27.87147576,279383.673
45820,JUNE,JULY-23-BLK3,9079,MAIN,,C-9A,18.61,168960.19
45820,JUNE,MAY-25-TNK2,14646,MAIN,,D-1B,36,527256
45821,JUNE,FEB-25-BLK6,10348,MAIN,,A-19A,27.87147576,288414.0312
45821,JUNE,JULY-23-BLK3,9748,MAIN,,C-9A,18.61,181410.28
45821,JUNE,MAY-25-TNK2,13579,MAIN,,D-1B,36,488844
45821,JUNE,JUNE-25-FEED3,5330,MAIN,,,35.5,189215
,,,,,,,,
45824,JUNE,MAY-25-TNK2,1472,MAIN,CLOSED,D-1B,36,52992
45824,JUNE,FEB-25-BLK6,14409,MAIN,,A-19A,27.87147576,401600.0943
45824,JUNE,JULY-23-BLK3,7200,MAIN,,C-9A,18.61,133992
45824,JUNE,JUNE-25-FEED3,14000,MAIN,CLOSED,,35.5,497000
45824,JUNE,MAY-25-TNK1,15301,MAIN,,D-1C,32.44856797,496495.5385
,,,,,,,,
45826,JUNE,FEB-25-BLK6,18570,MAIN,CLOSED,A-19A,27.87147576,517573.3049
45826,JUNE,JULY-23-BLK3,10504,MAIN,,C-9A,18.61,195479.44
45826,JUNE,MAY-25-TNK1,19093,MAIN,,D-1C,32.44856797,619540.5083
,,,,,,,,
45827,JUNE,JULY-23-BLK3,14644,MAIN,,C-9A,18.61,272524.84
45827,JUNE,MAY-25-TNK1,15101,MAIN,CLOSED,D-1C,32.44856797,490005.8249
45827,JUNE,APRIL-25-BLK12,20351,MAIN,,D-13B,31.38514023,638718.9888
,,,,,,,,
45831,JUNE,JULY-23-BLK3,3696,MAIN,CLOSED,C-9A,18.61,68782.56
45831,JUNE,APRIL-25-BLK12,12263,MAIN,CLOSED,D-13B,31.38514023,384875.9746
45831,JUNE,APRIL-25-TNK2,12130,MAIN,,D-1D,34,412420
45831,JUNE,AUG-24-BLK7,2225,MAIN,,D-13C,22.18106471,49352.86899
45831,JUNE,JULY-24-BLK4,6996,MAIN,,C-12B,20,139920
45831,JUNE,JUNE-25-FEED4,9855,MAIN,,,37.5,369562.5
,,,,,,,,
45832,JUNE,APRIL-25-TNK2,10172,MAIN,,D-1D,34,345848
45832,JUNE,AUG-24-BLK7,13547,MAIN,,D-13C,22.18106471,300486.8837
45832,JUNE,JULY-24-BLK4,10929,MAIN,,C-12B,20,218580
45832,JUNE,JUNE-25-FEED4,9855,MAIN,CLOSED,,37.5,369562.5
,,,,,,,,
45833,JUNE,APRIL-25-TNK2,9728,MAIN,,D-1D,34,330752
45833,JUNE,AUG-24-BLK7,13154,MAIN,,D-13C,22.18106471,291769.7252
45833,JUNE,JULY-24-BLK4,10599,MAIN,,C-12B,20,211980
,,,,,,,,
45834,JUNE,APRIL-25-TNK2,12361,MAIN,,D-1D,34,420274
45834,JUNE,AUG-24-BLK7,17315,MAIN,,D-13C,22.18106471,384065.1355
45834,JUNE,JULY-24-BLK4,11298,MAIN,CLOSED,C-12B,20,225960
45834,JUNE,JUNE-24-BLK4,2127,MAIN,,C-12A,20,42540
,,,,,,,,
45835,JUNE,APRIL-25-TNK2,3097,MAIN,,D-1D,34,105298
45835,JUNE,AUG-24-BLK7,3819,MAIN,CLOSED,D-13C,22.18106471,84709.48614
45835,JUNE,JUNE-24-BLK4,3825,MAIN,,C-12A,20,76500
,,,,,,,,
45836,JULY,APRIL-25-TNK2,2990,MAIN,,D-1D,34,101660
45836,JULY,JUNE-24-BLK4,3152,MAIN,,C-12A,20,63040
45836,JULY,JUNE-24-BLK3,4511,MAIN,,D-13D,20.01338773,90280.39206
,,,,,,,,
45838,JULY,APRIL-25-TNK2,4983,MAIN,CLOSED,D-1D,34,169422
45838,JULY,JUNE-24-BLK4,6041,MAIN,,C-12A,20,120820
45838,JULY,JUNE-24-BLK3,8210,MAIN,,D-13D,20.01338773,164309.9133
45838,JULY,MARCH-25-BLK1,12580,MAIN,,D-20B,24.54558151,308783.4153
,,,,,,,,
45839,JULY,JUNE-24-BLK4,5634,MAIN,,C-12A,20,112680
45839,JULY,JUNE-24-BLK3,8263,MAIN,,D-13D,20.01338773,165370.6228
45839,JULY,MARCH-25-BLK1,16140,MAIN,,D-20B,24.54558151,396165.6855
45839,JULY,JUNE-25-TNK1,7537,MAIN,,D-2D,36.47968773,274947.4064
45839,JULY,JUNE-25-FEED5,17660,MAIN,CLOSED,,37.5,662250
,,,,,,,,
45840,JULY,JUNE-24-BLK4,8411,MAIN,,C-12A,20,168220
45840,JULY,JUNE-24-BLK3,10784,MAIN,,D-13D,20.01338773,215824.3733
45840,JULY,MARCH-25-BLK1,14422,MAIN,,D-20B,24.54558151,353996.3765
45840,JULY,JUNE-25-TNK1,9822,MAIN,,D-2D,36.47968773,358303.4929
,,,,,,,,
45841,JULY,JUNE-24-BLK4,8021,MAIN,,C-12A,20,160420
45841,JULY,JUNE-24-BLK3,11816,MAIN,,D-13D,20.01338773,236478.1894
45841,JULY,JUNE-25-TNK1,9140,MAIN,,D-2D,36.47968773,333424.3458
45841,JULY,MARCH-25-BLK1,5537,MAIN,CLOSED,D-20B,24.54558151,135908.8848
45841,JULY,FEB-25-BLK7,10678,MAIN,,D-20C,24,256272
,,,,,,,,
45842,JULY,JUNE-24-BLK4,5602,MAIN,,C-12A,20,112040
45842,JULY,JUNE-24-BLK3,7595,MAIN,,D-13D,20.01338773,152001.6798
45842,JULY,JUNE-25-TNK1,6785,MAIN,,D-2D,36.47968773,247514.6812
45842,JULY,FEB-25-BLK7,11338,MAIN,,D-20C,24,272112
,,,,,,,,
45843,JULY,JUNE-24-BLK4,5966,MAIN,,C-12A,20,119320
45843,JULY,JUNE-24-BLK3,7955,MAIN,,D-13D,20.01338773,159206.4994
45843,JULY,JUNE-25-TNK1,6624,MAIN,,D-2D,36.47968773,241641.4515
45843,JULY,FEB-25-BLK7,11025,MAIN,,D-20C,24,264600
,,,,,,,,
45845,JULY,JUNE-24-BLK4,9997,MAIN,CLOSED,C-12A,20,199940
45845,JULY,JUNE-24-BLK3,9521,MAIN,,D-13D,20.01338773,190547.4646
45845,JULY,JUNE-25-TNK1,7799,MAIN,CLOSED,D-2D,36.47968773,284505.0846
45845,JULY,FEB-25-BLK7,16411,MAIN,CLOSED,D-20C,24,393864
,,,,,,,,
45846,JULY,JUNE-24-BLK3,2770,MAIN,,D-13D,20.01338773,55437.08402
45846,JULY,NOV-24-BLK7,7535,MAIN,,C-13A,25.5,192142.5
45846,JULY,JUNE-25-TNK2,5653,MAIN,,D-2C,37,209161
45846,JULY,FEB-25-BLK5,10029,MAIN,,D-20D,24,240696
45846,JULY,JULY-25-FEED1,1560,MAIN,,,38.5,60060
,,,,,,,,
45847,JULY,JUNE-24-BLK3,1573,MAIN,CLOSED,D-13D,20.01338773,31481.0589
45847,JULY,NOV-24-BLK7,6065,MAIN,,C-13A,25.5,154657.5
45847,JULY,JUNE-25-TNK2,4001,MAIN,,D-2C,37,148037
45847,JULY,FEB-25-BLK5,14085,MAIN,,D-20D,24,338040
45847,JULY,JULY-25-FEED1,8000,MAIN,,,38.5,308000
,,,,,,,,
45848,JULY,NOV-24-BLK7,7785,MAIN,CLOSED,C-13A,25.5,198517.5
45848,JULY,JUNE-25-TNK2,6523,MAIN,,D-2C,37,241351
45848,JULY,FEB-25-BLK5,9342,MAIN,,D-20D,24,224208
45848,JULY,JULY-25-FEED1,5000,MAIN,,,38.5,192500
45848,JULY,MAY-25-BLK7,9588,MAIN,,D-7D,33,316404
,,,,,,,,
45849,JULY,JUNE-25-TNK2,3832,MAIN,,D-2C,37,141784
45849,JULY,FEB-25-BLK5,10296,MAIN,,D-20D,24,247104
45849,JULY,JULY-25-FEED1,3000,MAIN,CLOSED,,38.5,115500
45849,JULY,MAY-25-BLK7,14059,MAIN,,D-7D,33,463947
45849,JULY,JULY-25-FEED2,10250,MAIN,,,38.5,394625
,,,,,,,,
45850,JULY,JUNE-25-TNK2,3647,MAIN,,D-2C,37,134939
45850,JULY,FEB-25-BLK5,5027,MAIN,CLOSED,D-20D,24,120648
45850,JULY,MAY-25-BLK7,14361,MAIN,,D-7D,33,473913
45850,JULY,JULY-25-FEED2,8000,MAIN,CLOSED,,38.5,308000
45850,JULY,FEB-25-BLK3,4637,MAIN,,D-17A,24.06518837,111590.2785
,,,,,,,,
45852,JULY,JUNE-25-TNK2,2705,MAIN,,D-2C,37,100085
45852,JULY,MAY-25-BLK7,15301,MAIN,,D-7D,33,504933
45852,JULY,FEB-25-BLK3,16146,MAIN,,D-17A,24.06518837,388556.5314
,,,,,,,,
45853,JULY,MAY-25-BLK7,21454,MAIN,CLOSED,D-7D,33,707982
45853,JULY,FEB-25-BLK3,16715,MAIN,,D-17A,24.06518837,402249.6236
,,,,,,,,
45854,JULY,JUNE-25-BLK7,18172,MAIN,,D-7C,36.18547241,657562.4047
45854,JULY,FEB-25-BLK3,11000,MAIN,,D-17A,24.06518837,264717.072
,,,,,,,,
45855,JULY,JUNE-25-BLK7,15514,MAIN,CLOSED,D-7C,36.18547241,561381.419
45855,JULY,FEB-25-BLK3,2579,MAIN,CLOSED,D-17A,24.06518837,62064.1208
45855,JULY,APRIL-25-BLK6,12808,MAIN,,D-20A,27,345816
45855,JULY,JUNE-25-BLK4,4875,MAIN,,D-12C,36.41178202,177507.4374
,,,,,,,,
45856,JULY,APRIL-25-BLK6,13561,MAIN,,D-20A,27,366147
45856,JULY,JUNE-25-BLK4,12488,MAIN,,D-12C,36.41178202,454710.3339
45856,JULY,JULY-25-BLK4,5939,MAIN,,D-7B,37.5,222712.5
45856,JULY,JULY-25-FEED3,2780,MAIN,,,40.75,113285
,,,,,,,,
45857,JULY,APRIL-25-BLK6,10497,MAIN,,D-20A,27,283419
45857,JULY,JUNE-25-BLK4,4255,MAIN,,D-12C,36.41178202,154932.1325
45857,JULY,JULY-25-BLK4,2879,MAIN,,D-7B,37.5,107962.5
45857,JULY,JULY-25-FEED3,3000,MAIN,,,40.75,122250
,,,,,,,,
45859,JULY,APRIL-25-BLK6,8059,MAIN,CLOSED,D-20A,27,217593
45859,JULY,JUNE-25-BLK4,9874,MAIN,,D-12C,36.41178202,359529.9357
45859,JULY,JULY-25-BLK4,9093,MAIN,,D-7B,37.5,340987.5
45859,JULY,JULY-25-FEED3,650,MAIN,,,40.75,26487.5
45859,JULY,MARCH-25-BLK3,6138,MAIN,,D-19D,25.5,156519
,,,,,,,,
45860,JULY,JUNE-25-BLK4,12597,MAIN,,D-12C,36.41178202,458679.2181
45860,JULY,JULY-25-BLK4,13131,MAIN,CLOSED,D-7B,37.5,492412.5
45860,JULY,JULY-25-FEED3,650,MAIN,,,40.75,26487.5
45860,JULY,MARCH-25-BLK3,16234,MAIN,,D-19D,25.5,413967
,,,,,,,,
45861,JULY,JUNE-25-BLK4,5954,MAIN,CLOSED,D-12C,36.41178202,216795.7502
45861,JULY,JULY-25-FEED3,650,MAIN,,,40.75,26487.5
45861,JULY,MARCH-25-BLK3,15052,MAIN,,D-19D,25.5,383826
,,,,,,,,
45862,JULY,JULY-25-FEED3,650,MAIN,,,40.75,26487.5
45862,JULY,MARCH-25-BLK3,13143,MAIN,CLOSED,D-19D,25.5,335146.5
45862,JULY,APRIL-25-BLK4,18224,MAIN,,D-12D,33.41435373,608943.1824
,,,,,,,,
45863,JULY,JULY-25-FEED3,1600,MAIN,,,40.75,65200
45863,JULY,APRIL-25-BLK4,23259,MAIN,CLOSED,D-12D,33.41435373,777184.4535
45863,JULY,MARCH-25-BLK6,14074,MAIN,,D-19C,25.5,358887
,,,,,,,,
45864,JULY,JULY-25-FEED3,2800,MAIN,,,40.75,114100
45864,JULY,MARCH-25-BLK6,14392,MAIN,,D-19C,25.5,366996
45864,JULY,JUNE-25-BLK2,15429,MAIN,,D-15D,35.19464694,543018.2076
,,,,,,,,
45866,JULY,JULY-25-FEED3,1500,MAIN,,,40.75,61125
45866,JULY,MARCH-25-BLK6,17161,MAIN,,D-19C,25.5,437605.5
45866,JULY,JUNE-25-BLK2,2906,MAIN,CLOSED,D-15D,35.19464694,102275.644
45866,JULY,MARCH-25-BLK11,10976,MAIN,,C-1B,31,340256
,,,,,,,,
45867,JULY,JULY-25-FEED3,2500,MAIN,CLOSED,,40.75,101875
45867,JULY,MARCH-25-BLK6,2295,MAIN,CLOSED,D-19C,25.5,58522.5
45867,JULY,MARCH-25-BLK11,15168,MAIN,,C-1B,31,470208
,,,,,,,,
45868,JULY,JUNE-25-TNK2,5766,MAIN,,D-2C,37,213342
45868,JULY,MARCH-25-BLK11,7789,MAIN,,C-1B,31,241459
45868,JULY,JUNE-25-BLK1,2589,MAIN,,D-18C,29.1643777,75506.57385
,,,,,,,,
45869,AUGUST,JUNE-25-TNK2,3707,MAIN,,D-2C,37,137159
45869,AUGUST,JUNE-25-BLK1,2625,MAIN,,D-18C,29.1643777,76556.49145
,,,,,,,,
45870,AUGUST,JUNE-25-TNK2,14894,MAIN,,D-2C,37,551078
45870,AUGUST,JUNE-25-BLK1,11317,MAIN,CLOSED,D-18C,29.1643777,330053.2624
45870,AUGUST,MAY-25-BLK5,9485,MAIN,,A-17A,34.604,328218.94
,,,,,,,,
45871,AUGUST,JUNE-25-TNK2,6521,MAIN,,D-2C,37,241277
45871,AUGUST,MAY-25-BLK5,26360,MAIN,,A-17A,34.604,912161.44
,,,,,,,,
45873,AUGUST,JUNE-25-TNK2,1964,MAIN,CLOSED,D-2C,37,72668
45873,AUGUST,MAY-25-BLK5,29445,MAIN,CLOSED,A-17A,34.604,1018914.78
45873,AUGUST,JUNE-25-TNK3,7165,MAIN,,D-2B,37.49155887,268627.0193
45873,AUGUST,JULY-25-BLK10,3200,MAIN,,A-18A,42.93129973,137380.1592
,,,,,,,,
45874,AUGUST,JUNE-25-TNK3,8305,MAIN,,D-2B,37.49155887,311367.3964
45874,AUGUST,JULY-25-BLK10,29770,MAIN,,A-18A,42.93129973,1278064.793
45874,AUGUST,JULY-25-FEED4,650,MAIN,layupan open 13 mc 4 ash,,38,24700
,,,,,,,,
45875,AUGUST,JUNE-25-TNK3,7351,MAIN,,D-2B,37.49155887,275600.4492
45875,AUGUST,JULY-25-BLK10,22832,MAIN,CLOSED,A-18A,42.93129973,980207.4355
45875,AUGUST,JULY-25-FEED4,700,MAIN,,,38,26600
45875,AUGUST,MARCH-25-BLK11,5507,MAIN,,C-1B,31,170717
,,,,,,,,
45876,AUGUST,JUNE-25-TNK3,11391,MAIN,,D-2B,37.49155887,427066.3471
45876,AUGUST,JULY-25-FEED4,1200,MAIN,,,38,45600
45876,AUGUST,MARCH-25-BLK11,10172,MAIN,CLOSED,C-1B,31,315332
45876,AUGUST,MAY-25-BLK8,15630,MAIN,,C-17A,32.71622298,511354.5651
,,,,,,,,
45877,AUGUST,JUNE-25-TNK3,10110,MAIN,CLOSED,D-2B,37.49155887,379039.6602
45877,AUGUST,JULY-25-FEED4,9000,MAIN,CLOSED,,38,342000
45877,AUGUST,MAY-25-BLK8,10826,MAIN,CLOSED,C-17A,32.71622298,354185.8299
45877,AUGUST,JULY-25-BLK13,19996,MAIN,,A-17B,43.1059816,861947.208
45877,AUGUST,JUNE-25-BLK6,5284,MAIN,,C-7B,37.5,198150
,,,,,,,,
45878,AUGUST,JULY-25-BLK13,20756,MAIN,,A-17B,43.1059816,894707.754
45878,AUGUST,JUNE-25-BLK6,15195,MAIN,,C-7B,37.5,569812.5
,,,,,,,,
45880,AUGUST,JULY-25-BLK13,16802,MAIN,,A-17B,43.1059816,724266.7028
45880,AUGUST,JUNE-25-BLK6,10872,MAIN,,C-7B,37.5,407700
45880,AUGUST,MARCH-25-BLK12,12192,MAIN,,D-19B,25.96521796,316567.9374
,,,,,,,,
45881,AUGUST,JULY-25-BLK13,7143,MAIN,CLOSED,A-17B,43.1059816,307906.0265
45881,AUGUST,JUNE-25-BLK6,5914,MAIN,,C-7B,37.5,221775
45881,AUGUST,MARCH-25-BLK12,13275,MAIN,,D-19B,25.96521796,344688.2684
45881,AUGUST,AUG-25-FEED1,725,MAIN,,,44.25,32081.25
,,,,,,,,
45882,AUGUST,JUNE-25-BLK6,3695,MAIN,,C-7B,37.5,138562.5
45882,AUGUST,MARCH-25-BLK12,17393,MAIN,,D-19B,25.96521796,451613.036
45882,AUGUST,AUG-25-FEED1,8000,MAIN,,,44.25,354000
45882,AUGUST,JULY-25-BLK11,7286,MAIN,,A-19A,42.75,311476.5
,,,,,,,,
45883,AUGUST,JUNE-25-BLK6,10163,MAIN,,C-7B,37.5,381112.5
45883,AUGUST,MARCH-25-BLK12,5176,MAIN,CLOSED,D-19B,25.96521796,134395.9682
45883,AUGUST,AUG-25-FEED1,10000,MAIN,CLOSED,,44.25,442500
45883,AUGUST,JULY-25-BLK11,15432,MAIN,,A-19A,42.75,659718
45883,AUGUST,MAY-25-BLK2,7304,MAIN,,D-19A,27,197208
,,,,,,,,
45884,AUGUST,JUNE-25-BLK6,6114,MAIN,,C-7B,37.5,229275
45884,AUGUST,JULY-25-BLK11,10784,MAIN,,A-19A,42.75,461016
45884,AUGUST,MAY-25-BLK2,10959,MAIN,,D-19A,27,295893
45884,AUGUST,AUG-25-FEED2,650,MAIN,,,44.25,28762.5
,,,,,,,,
45887,AUGUST,JUNE-25-BLK6,6012,MAIN,CLOSED,C-7B,37.5,225450
45887,AUGUST,JULY-25-BLK11,8404,MAIN,,A-19A,42.75,359271
45887,AUGUST,MAY-25-BLK2,18737,MAIN,,D-19A,27,505899
45887,AUGUST,AUG-25-FEED2,10816,MAIN,,,44.25,478608
,,,,,,,,
45888,AUGUST,JULY-25-BLK11,9864,MAIN,CLOSED,A-19A,42.75,421686
45888,AUGUST,MAY-25-BLK2,13424,MAIN,,D-19A,27,362448
45888,AUGUST,AUG-25-FEED2,3000,MAIN,,,44.25,132750
45888,AUGUST,JUNE-25-BLK5,7900,MAIN,,C-7A,35.79728069,282798.5174
45888,AUGUST,JULY-25-BLK7,2659,MAIN,,D-13D,39.60699242,105314.9928
,,,,,,,,
45889,AUGUST,MAY-25-BLK2,1722,MAIN,CLOSED,D-19A,27,46494
45889,AUGUST,AUG-25-FEED2,2000,MAIN,,,44.25,88500
45889,AUGUST,JUNE-25-BLK5,7443,MAIN,,C-7A,35.79728069,266439.1602
45889,AUGUST,JULY-25-BLK7,9151,MAIN,,D-13D,39.60699242,362443.5876
45889,AUGUST,MAY-25-BLK6,14245,MAIN,,D-18D,27,384615
,,,,,,,,
45890,AUGUST,AUG-25-FEED2,1000,MAIN,,,44.25,44250
45890,AUGUST,JUNE-25-BLK5,5947,MAIN,,C-7A,35.79728069,212886.4283
45890,AUGUST,JULY-25-BLK7,11845,MAIN,CLOSED,D-13D,39.60699242,469144.8252
45890,AUGUST,MAY-25-BLK6,11820,MAIN,,D-18D,27,319140
,,,,,,,,
45891,AUGUST,AUG-25-FEED2,1000,MAIN,,,44.25,44250
45891,AUGUST,JUNE-25-BLK5,3491,MAIN,,C-7A,35.79728069,124968.3069
45891,AUGUST,MAY-25-BLK6,14055,MAIN,,D-18D,27,379485
45891,AUGUST,JULY-25-BLK1,15559,MAIN,,D-12B,39.91508848,621038.8617
,,,,,,,,
45895,AUGUST,AUG-25-FEED2,4000,MAIN,CLOSED,,44.25,177000
45895,AUGUST,JUNE-25-BLK5,7357,MAIN,,C-7A,35.79728069,263360.594
45895,AUGUST,MAY-25-BLK6,2496,MAIN,CLOSED,D-18D,27,67392
45895,AUGUST,JULY-25-BLK1,21270,MAIN,,D-12B,39.91508848,848993.932
,,,,,,,,
45896,AUGUST,JUNE-25-BLK5,4066,MAIN,,C-7A,35.79728069,145551.7433
45896,AUGUST,JULY-25-BLK1,11012,MAIN,CLOSED,D-12B,39.91508848,439544.9544
45896,AUGUST,JUNE-25-BLK1,13036,MAIN,CLOSED,D-18C,29.1643777,380186.8276
45896,AUGUST,AUG-25-FEED3,1255,MAIN,,,44.75,56161.25
,,,,,,,,
45897,AUGUST,JUNE-25-BLK5,2500,MAIN,,C-7A,35.79728069,89493.20172
45897,AUGUST,AUG-25-FEED3,1000,MAIN,,,44.75,44750
45897,AUGUST,JULY-25-BLK3,12785,MAIN,,D-17D,31,396335
45897,AUGUST,JULY-25-BLK8,12672,MAIN,,D-12D,41.92548737,531279.7759
,,,,,,,,
45898,AUGUST,JUNE-25-BLK5,1421,MAIN,,C-7A,35.79728069,50867.93586
45898,AUGUST,AUG-25-FEED3,2000,MAIN,,,44.75,89500
45898,AUGUST,JULY-25-BLK3,5082,MAIN,,D-17D,31,157542
45898,AUGUST,JULY-25-BLK8,3011,MAIN,,D-12D,41.92548737,126237.6425
,,,,,,,,
45899,SEPTEMBER,JUNE-25-BLK5,2342,MAIN,,C-7A,35.79728069,83837.23137
45899,SEPTEMBER,AUG-25-FEED3,6000,MAIN,,,44.75,268500
45899,SEPTEMBER,JULY-25-BLK3,8601,MAIN,CLOSED,D-17D,31,266631
45899,SEPTEMBER,JULY-25-BLK8,6955,MAIN,,D-12D,41.92548737,291591.7646
,,,,,,,,
45901,SEPTEMBER,JUNE-25-BLK5,5209,MAIN,,C-7A,35.79728069,186468.0351
45901,SEPTEMBER,AUG-25-FEED3,6000,MAIN,CLOSED,,44.75,268500
45901,SEPTEMBER,JULY-25-BLK8,30909,MAIN,,D-12D,41.92548737,1295874.889
,,,,,,,,
45902,SEPTEMBER,JUNE-25-BLK5,8511,MAIN,,C-7A,35.79728069,304670.6559
45902,SEPTEMBER,JULY-25-BLK8,9583,MAIN,CLOSED,D-12D,41.92548737,401771.9454
45902,SEPTEMBER,JULY-25-BLK6,14447,MAIN,,D-7D,40.39271298,583553.5244
45902,SEPTEMBER,MARCH-25-BLK2,11279,MAIN,,C-1A,29.95405145,337851.7463
,,,,,,,,
45903,SEPTEMBER,JUNE-25-BLK5,5645,MAIN,,C-7A,35.79728069,202075.6495
45903,SEPTEMBER,JULY-25-BLK6,11655,MAIN,,D-7D,40.39271298,470777.0698
45903,SEPTEMBER,MARCH-25-BLK2,10426,MAIN,,C-1A,29.95405145,312300.9404
45903,SEPTEMBER,SEPT-25-FEED1,1000,MAIN,,,44.75,44750
,,,,,,,,
45904,SEPTEMBER,JUNE-25-BLK5,1483,MAIN,CLOSED,C-7A,35.79728069,53087.36726
45904,SEPTEMBER,JULY-25-BLK6,11577,MAIN,,D-7D,40.39271298,467626.4382
45904,SEPTEMBER,MARCH-25-BLK2,11095,MAIN,,C-1A,29.95405145,332340.2009
45904,SEPTEMBER,SEPT-25-FEED1,17000,MAIN,CLOSED,,44.75,760750
45904,SEPTEMBER,AUG-25-BLK3,5089,MAIN,,D-7C,43.25,220099.25
,,,,,,,,
45905,SEPTEMBER,JULY-25-BLK6,9091,MAIN,CLOSED,D-7D,40.39271298,367210.1537
45905,SEPTEMBER,MARCH-25-BLK2,3366,MAIN,CLOSED,C-1A,29.95405145,100825.3372
45905,SEPTEMBER,AUG-25-BLK3,6715,MAIN,,D-7C,43.25,290423.75
45905,SEPTEMBER,APRIL-25-BLK8,8384,MAIN,,C-2B,32.48200099,272329.0963
45905,SEPTEMBER,AUG-25-BLK13,3692,MAIN,,D-13D,44.79200115,165372.0682
,,,,,,,,
45906,SEPTEMBER,AUG-25-BLK3,2904,MAIN,,D-7C,43.25,125598
45906,SEPTEMBER,APRIL-25-BLK8,6121,MAIN,,C-2B,32.48200099,198822.3281
45906,SEPTEMBER,AUG-25-BLK13,7334,MAIN,,D-13D,44.79200115,328504.5364
45906,SEPTEMBER,SEPT-25-FEED2,3070,MAIN,,,44.75,137382.5
,,,,,,,,
45908,SEPTEMBER,AUG-25-BLK3,11023,MAIN,,D-7C,43.25,476744.75
45908,SEPTEMBER,APRIL-25-BLK8,13109,MAIN,,C-2B,32.48200099,425806.551
45908,SEPTEMBER,AUG-25-BLK13,11897,MAIN,,D-13D,44.79200115,532890.4376
45908,SEPTEMBER,SEPT-25-FEED2,8000,MAIN,,,44.75,358000
,,,,,,,,
45909,SEPTEMBER,AUG-25-BLK3,9255,MAIN,,D-7C,43.25,400278.75
45909,SEPTEMBER,APRIL-25-BLK8,8474,MAIN,,C-2B,32.48200099,275252.4764
45909,SEPTEMBER,AUG-25-BLK13,3138,MAIN,CLOSED,D-13D,44.79200115,140557.2996
45909,SEPTEMBER,SEPT-25-FEED2,4000,MAIN,CLOSED,,44.75,179000
45909,SEPTEMBER,SEPT-25-FEED3,10610,MAIN,,,45.25,480102.5
,,,,,,,,
45910,SEPTEMBER,AUG-25-BLK3,4328,MAIN,,D-7C,43.25,187186
45910,SEPTEMBER,APRIL-25-BLK8,3985,MAIN,CLOSED,C-2B,32.48200099,129440.774
45910,SEPTEMBER,SEPT-25-FEED3,10610,MAIN,CLOSED,,45.25,480102.5
45910,SEPTEMBER,JULY-25-BLK12,3526,MAIN,,D-15D,40.71820616,143572.3949
,,,,,,,,
45911,SEPTEMBER,AUG-25-BLK3,9086,MAIN,CLOSED,D-7C,43.25,392969.5
45911,SEPTEMBER,JULY-25-BLK12,5313,MAIN,,D-15D,40.71820616,216335.8293
45911,SEPTEMBER,APRIL-25-BLK3,10186,MAIN,,C-2A,31.61276713,322007.646
45911,SEPTEMBER,AUG-25-BLK9,2548,MAIN,,D-7B,43.25,110201
45911,SEPTEMBER,SEPT-25-FEED4,9935,MAIN,,,45.25,449558.75
,,,,,,,,
45912,SEPTEMBER,JULY-25-BLK12,5377,MAIN,,D-15D,40.71820616,218941.7945
45912,SEPTEMBER,APRIL-25-BLK3,11145,MAIN,,C-2A,31.61276713,352324.2896
45912,SEPTEMBER,AUG-25-BLK9,13063,MAIN,,D-7B,43.25,564974.75
45912,SEPTEMBER,SEPT-25-FEED4,10000,MAIN,CLOSED,,45.25,452500
,,,,,,,,
45913,SEPTEMBER,JULY-25-BLK12,4336,MAIN,CLOSED,D-15D,40.71820616,176554.1419
45913,SEPTEMBER,APRIL-25-BLK3,10239,MAIN,,C-2A,31.61276713,323683.1226
45913,SEPTEMBER,AUG-25-BLK9,12665,MAIN,,D-7B,43.25,547761.25
45913,SEPTEMBER,SEPT-25-FEED5,5000,MAIN,,,45.25,226250
,,,,,,,,
45915,SEPTEMBER,APRIL-25-BLK3,8151,MAIN,,C-2A,31.61276713,257675.6649
45915,SEPTEMBER,AUG-25-BLK9,10481,MAIN,,D-7B,43.25,453303.25
45915,SEPTEMBER,SEPT-25-FEED5,3000,MAIN,,,45.25,135750
45915,SEPTEMBER,JULY-24-BLK5,5782,MAIN,,C-20A,17.83696233,103133.3162
,,,,,,,,
45916,SEPTEMBER,APRIL-25-BLK3,10533,MAIN,,C-2A,31.61276713,332977.2762
45916,SEPTEMBER,AUG-25-BLK9,11851,MAIN,CLOSED,D-7B,43.25,512555.75
45916,SEPTEMBER,SEPT-25-FEED5,8000,MAIN,,,45.25,362000
45916,SEPTEMBER,JULY-24-BLK5,5503,MAIN,,C-20A,17.83696233,98156.80368
,,,,,,,,
45917,SEPTEMBER,APRIL-25-BLK3,3668,MAIN,CLOSED,C-2A,31.61276713,115955.6298
45917,SEPTEMBER,SEPT-25-FEED5,2985,MAIN,CLOSED,,45.25,135071.25
45917,SEPTEMBER,JULY-24-BLK5,4766,MAIN,,C-20A,17.83696233,85010.96245
45917,SEPTEMBER,JUNE-25-TNK4,15063,MAIN,,D-5D,38.25971931,576306.152
,,,,,,,,
45918,SEPTEMBER,JULY-24-BLK5,5462,MAIN,CLOSED,C-20A,17.83696233,97425.48823
45918,SEPTEMBER,JUNE-25-TNK4,19742,MAIN,,D-5D,38.25971931,755323.3786
45918,SEPTEMBER,SEPT-25-FEED6,1520,MAIN,,,44.75,68020
,,,,,,,,
45919,SEPTEMBER,JULY-24-BLK5,5274,MAIN,,C-20A,17.83696233,94072.13931
45919,SEPTEMBER,JUNE-25-TNK4,18873,MAIN,,D-5D,38.25971931,722075.6825
45919,SEPTEMBER,SEPT-25-FEED6,7000,MAIN,,,44.75,313250
,,,,,,,,
45920,SEPTEMBER,JULY-24-BLK5,3116,MAIN,,C-20A,17.83696233,55579.97461
45920,SEPTEMBER,JUNE-25-TNK4,6360,MAIN,CLOSED,D-5D,38.25971931,243331.8148
45920,SEPTEMBER,SEPT-25-FEED6,10000,MAIN,CLOSED,,44.75,447500
45920,SEPTEMBER,AUG-25-TNK3,7519,MAIN,,D-5C,46,345874
,,,,,,,,
45922,SEPTEMBER,JULY-24-BLK5,7566,MAIN,,C-20A,17.83696233,134954.457
45922,SEPTEMBER,AUG-25-TNK3,27842,MAIN,,D-5C,46,1280732
45922,SEPTEMBER,SEPT-25-FEED7,2510,MAIN,,,44.75,112322.5
,,,,,,,,
45923,SEPTEMBER,JULY-24-BLK5,4943,MAIN,,C-20A,17.83696233,88168.10478
45923,SEPTEMBER,AUG-25-TNK3,11050,MAIN,CLOSED,D-5C,46,508300
45923,SEPTEMBER,SEPT-25-FEED7,6000,MAIN,,,44.75,268500
45923,SEPTEMBER,AUG-25-BLK14,8142,MAIN,,A-19B,44.75,364354.5
,,,,,,,,
45924,SEPTEMBER,JULY-24-BLK5,8947,MAIN,,C-20A,17.83696233,159587.3019
45924,SEPTEMBER,SEPT-25-FEED7,7000,MAIN,,,44.75,313250
45924,SEPTEMBER,AUG-25-BLK14,18345,MAIN,,A-19B,44.75,820938.75
45924,SEPTEMBER,AUG-25-TNK5,17829,MAIN,,D-5B,46,820134
,,,,,,,,
45925,SEPTEMBER,JULY-24-BLK5,3139,MAIN,CLOSED,C-20A,17.83696233,55990.22474
45925,SEPTEMBER,SEPT-25-FEED7,3000,MAIN,CLOSED,,44.75,134250
45925,SEPTEMBER,AUG-25-BLK14,7173,MAIN,,A-19B,44.75,320991.75
45925,SEPTEMBER,AUG-25-TNK5,7057,MAIN,,D-5B,46,324622
,,,,,,,,
45926,SEPTEMBER,AUG-25-BLK14,12004,MAIN,,A-19B,44.75,537179
45926,SEPTEMBER,AUG-25-TNK5,11429,MAIN,,D-5B,46,525734
45926,SEPTEMBER,SEPT-25-FEED8,9495,MAIN,,,45.25,429648.75
,,,,,,,,
45927,SEPTEMBER,AUG-25-BLK14,15837,MAIN,,A-19B,44.75,708705.75
45927,SEPTEMBER,AUG-25-TNK5,11999,MAIN,,D-5B,46,551954
45927,SEPTEMBER,SEPT-25-FEED8,10000,MAIN,CLOSED,,45.25,452500
,,,,,,,,
45929,SEPTEMBER,AUG-25-BLK14,7317,MAIN,CLOSED,A-19B,44.75,327435.75
45929,SEPTEMBER,AUG-25-TNK5,4836,MAIN,CLOSED,D-5B,46,222456
,,,,,,,,
45931,OCTOBER,AUG-25-BLK8,23826,MAIN,,A-19A,44.46212636,1059354.623
45931,OCTOBER,AUG-25-TNK1,18569,MAIN,,D-3C,45.02921048,836147.4094
45931,OCTOBER,AUG-25-BLK6,2406,MAIN,,C-9A,45,108270
,,,,,,,,
45932,OCTOBER,AUG-25-BLK8,13745,MAIN,,A-19A,44.46212636,611131.9268
45932,OCTOBER,AUG-25-TNK1,18063,MAIN,,D-3C,45.02921048,813362.6289
45932,OCTOBER,AUG-25-BLK6,9507,MAIN,,C-9A,45,427815
45932,OCTOBER,SEPT-25-FEED9,1325,MAIN,,,44.75,59293.75
,,,,,,,,
45933,OCTOBER,AUG-25-BLK8,13598,MAIN,,A-19A,44.46212636,604595.9942
45933,OCTOBER,AUG-25-TNK1,8987,MAIN,,D-3C,45.02921048,404677.5146
45933,OCTOBER,AUG-25-BLK6,6357,MAIN,,C-9A,45,286065
45933,OCTOBER,SEPT-25-FEED9,1500,MAIN,,,44.75,67125
,,,,,,,,
45934,OCTOBER,AUG-25-BLK8,5065,MAIN,CLOSED,A-19A,44.46212636,225200.67
45934,OCTOBER,AUG-25-TNK1,13011,MAIN,CLOSED,D-3C,45.02921048,585875.0576
45934,OCTOBER,AUG-25-BLK6,13547,MAIN,,C-9A,45,609615
45934,OCTOBER,SEPT-25-FEED9,1067,MAIN,,,44.75,47748.25
45934,OCTOBER,AUG-25-TNK6,4438,MAIN,,D-5A,46,204148
,,,,,,,,
45936,OCTOBER,AUG-25-BLK6,20781,MAIN,,C-9A,45,935145
45936,OCTOBER,SEPT-25-FEED9,2000,MAIN,,,44.75,89500
45936,OCTOBER,AUG-25-TNK6,22333,MAIN,,D-5A,46,1027318
,,,,,,,,
45937,OCTOBER,AUG-25-BLK6,15860,MAIN,CLOSED,C-9A,45,713700
45937,OCTOBER,SEPT-25-FEED9,2000,MAIN,,,44.75,89500
45937,OCTOBER,AUG-25-TNK6,18920,MAIN,,D-5A,46,870320
45937,OCTOBER,JUNE-25-BLK9,5419,MAIN,,C-8A,41.15806425,223035.5502
,,,,,,,,
45938,OCTOBER,SEPT-25-FEED9,2000,MAIN,,,44.75,89500
45938,OCTOBER,AUG-25-TNK6,12598,MAIN,CLOSED,D-5A,46,579508
45938,OCTOBER,JUNE-25-BLK9,18527,MAIN,,C-8A,41.15806425,762535.4564
45938,OCTOBER,JULY-25-TNK1,8690,MAIN,,D-2A,43,373670
,,,,,,,,
45939,OCTOBER,SEPT-25-FEED9,3000,MAIN,,,44.75,134250
45939,OCTOBER,JUNE-25-BLK9,11843,MAIN,CLOSED,C-8A,41.15806425,487434.9549
45939,OCTOBER,JULY-25-TNK1,17528,MAIN,,D-2A,43,753704
45939,OCTOBER,JULY-25-TNK2,4930,MAIN,,D-3D,44,216920
,,,,,,,,
45940,OCTOBER,SEPT-25-FEED9,2000,MAIN,,,44.75,89500
45940,OCTOBER,JULY-25-TNK1,5976,MAIN,,D-2A,43,256968
45940,OCTOBER,JULY-25-TNK2,6226,MAIN,,D-3D,44,273944
,,,,,,,,
45943,OCTOBER,SEPT-25-FEED9,5000,MAIN,CLOSED,,44.75,223750
45943,OCTOBER,JULY-25-TNK1,12246,MAIN,,D-2A,43,526578
45943,OCTOBER,JULY-25-TNK2,10638,MAIN,,D-3D,44,468072
,,,,,,,,
45944,OCTOBER,JULY-25-TNK1,8283,MAIN,CLOSED,D-2A,43,356169
45944,OCTOBER,JULY-25-TNK2,10865,MAIN,,D-3D,44,478060
45944,OCTOBER,AUG-25-BLK7,14189,MAIN,,A-18A,43.9252871,623255.8986
,,,,,,,,
45945,OCTOBER,JULY-25-TNK2,10996,MAIN,,D-3D,44,483824
45945,OCTOBER,AUG-25-BLK7,10159,MAIN,,A-18A,43.9252871,446236.9916
45945,OCTOBER,OCT-25-FEED2,8535,MAIN,,,44.75,381941.25
,,,,,,,,
45946,OCTOBER,JULY-25-TNK2,10681,MAIN,,D-3D,44,469964
45946,OCTOBER,AUG-25-BLK7,10573,MAIN,,A-18A,43.9252871,464422.0605
45946,OCTOBER,OCT-25-FEED2,8535,MAIN,CLOSED,,44.75,381941.25
,,,,,,,,
45947,OCTOBER,JULY-25-TNK2,6262,MAIN,CLOSED,D-3D,44,275528
45947,OCTOBER,AUG-25-BLK7,7449,MAIN,,A-18A,43.9252871,327199.4636
45947,OCTOBER,OCT-25-FEED1,2002,MAIN,CLOSED,,1.75,3503.5
45947,OCTOBER,OCT-25-FEED3,18666,MAIN,CLOSED,,44.75,835303.5
,,,,,,,,
45948,OCTOBER,AUG-25-BLK7,11085,MAIN,CLOSED,A-18A,43.9252871,486911.8075
45948,OCTOBER,AUG-25-TNK4,13349,MAIN,,D-4C,46,614054
45948,OCTOBER,OCT-25-BLK12,2445,MAIN,,D-20B,43,105135
45948,OCTOBER,OCT-25-FEED4,6000,MAIN,,,44.75,268500
,,,,,,,,
45950,OCTOBER,AUG-25-TNK4,14349,MAIN,,D-4C,46,660054
45950,OCTOBER,OCT-25-BLK12,17205,MAIN,CLOSED,D-20B,43,739815
45950,OCTOBER,OCT-25-FEED4,10000,MAIN,,,44.75,447500
,,,,,,,,
45951,OCTOBER,AUG-25-TNK4,10397,MAIN,CLOSED,D-4C,46,478262
45951,OCTOBER,OCT-25-FEED4,1875,MAIN,CLOSED,,44.75,83906.25
45951,OCTOBER,AUG-25-TNK2,4409,MAIN,,D-4D,46,202814
45951,OCTOBER,NOV-23-BLK1,15972,MAIN,,C-19B,17.42,278232.24
,,,,,,,,
45952,OCTOBER,AUG-25-TNK2,13089,MAIN,,D-4D,46,602094
45952,OCTOBER,NOV-23-BLK1,12511,MAIN,,C-19B,17.42,217941.62
45952,OCTOBER,OCT-25-FEED5,9280,MAIN,,,44.75,415280
,,,,,,,,
45953,OCTOBER,AUG-25-TNK2,18104,MAIN,,D-4D,46,832784
45953,OCTOBER,NOV-23-BLK1,18145,MAIN,,C-19B,17.42,316085.9
45953,OCTOBER,OCT-25-FEED5,9280,MAIN,CLOSED,,44.75,415280
,,,,,,,,
,,,,,,,,
45976,NOVEMBER,AUG-25-TNK2,13027,MAIN,CLOSED,D-4D,46,599242
45976,NOVEMBER,NOV-23-BLK1,7273,MAIN,CLOSED,C-19B,17.42,126695.66
45976,NOVEMBER,DEC-23-BLK2,21680,MAIN,,C-19A,16.77,363573.6
45976,NOVEMBER,OCT-25-BLK28,3962,MAIN,,D-18A,42.49784484,168376.4613
45976,NOVEMBER,NOV-25-BLK1,2612,MAIN,,C-9A,46,120152
,,,,,,,,
45978,NOVEMBER,DEC-23-BLK2,13010,MAIN,,C-19A,16.77,218177.7
45978,NOVEMBER,OCT-25-BLK28,15557,MAIN,,D-18A,42.49784484,661138.9722
45978,NOVEMBER,NOV-25-BLK1,7705,MAIN,,C-9A,46,354430
,,,,,,,,
45979,NOVEMBER,DEC-23-BLK2,17986,MAIN,CLOSED,C-19A,16.77,301625.22
45979,NOVEMBER,OCT-25-BLK28,11062,MAIN,CLOSED,D-18A,42.49784484,470111.1596
45979,NOVEMBER,NOV-25-BLK1,9145,MAIN,,C-9A,46,420670
45979,NOVEMBER,NOV-25-SUNDRY3,10754,MAIN,CLOSED,A-3C,42.12606714,453023.726
,,,,,,,,
45980,NOVEMBER,NOV-25-BLK1,7041,MAIN,,C-9A,46,323886
45980,NOVEMBER,OCT-25-BLK14,12931,MAIN,,D-11D,43.06696796,556898.9627
45980,NOVEMBER,SEPT-25-BLK10,13118,MAIN,,A-18C,44.75,587030.5
,,,,,,,,
45981,NOVEMBER,NOV-25-BLK1,7001,MAIN,,C-9A,46,322046
45981,NOVEMBER,OCT-25-BLK14,13669,MAIN,,D-11D,43.06696796,588682.385
45981,NOVEMBER,SEPT-25-BLK10,13827,MAIN,,A-18C,44.75,618758.25
,,,,,,,,
45982,NOVEMBER,NOV-25-BLK1,7312,MAIN,,C-9A,46,336352
45982,NOVEMBER,OCT-25-BLK14,14120,MAIN,,D-11D,43.06696796,608105.5876
45982,NOVEMBER,SEPT-25-BLK10,14602,MAIN,,A-18C,44.75,653439.5
45982,NOVEMBER,NOV-25-FEED1,1200,MAIN,,,45,54000
,,,,,,,,
45983,NOVEMBER,NOV-25-BLK1,10793,MAIN,,C-9A,46,496478
45983,NOVEMBER,OCT-25-BLK14,11146,MAIN,,D-11D,43.06696796,480024.4249
45983,NOVEMBER,SEPT-25-BLK10,11494,MAIN,,A-18C,44.75,514356.5
45983,NOVEMBER,NOV-25-FEED1,600,MAIN,,,45,27000
45983,NOVEMBER,NOV-25-FEED2,600,MAIN,,,44.5,26700
,,,,,,,,
,,,,,,,,
45985,NOVEMBER,NOV-25-BLK1,2260,MAIN,,C-9A,46,103960
45985,NOVEMBER,OCT-25-BLK14,7324,MAIN,,D-11D,43.06696796,315422.4733
45985,NOVEMBER,SEPT-25-BLK10,3441,MAIN,CLOSED,A-18C,44.75,153984.75
45985,NOVEMBER,NOV-25-FEED1,479,MAIN,CLOSED,,45,21555
45985,NOVEMBER,NOV-25-FEED2,6840,MAIN,,,44.5,304380
45985,NOVEMBER,OCT-25-BLK24,4498,MAIN,,A-3B,42,188916
,,,,,,,,
45986,NOVEMBER,NOV-25-BLK1,2107,MAIN,,C-9A,46,96922
45986,NOVEMBER,OCT-25-BLK14,5223,MAIN,,D-11D,43.06696796,224938.7737
45986,NOVEMBER,NOV-25-FEED2,5000,MAIN,,,44.5,222500
45986,NOVEMBER,OCT-25-BLK24,10235,MAIN,CLOSED,A-3B,42,429870
45986,NOVEMBER,AUG-25-BLK16,6451,MAIN,,A-18B,45.01145038,290368.8664
,,,,,,,,
45988,DECEMBER,OCT-25-BLK14,2528,MAIN,,D-11D,43.06696796,108873.295
45988,DECEMBER,NOV-25-FEED2,3000,MAIN,,,44.5,133500
45988,DECEMBER,AUG-25-BLK16,2263,MAIN,,A-18B,45.01145038,101860.9122
45988,DECEMBER,NOV-25-SUNDRY6,5667,MAIN,,A-4A,40.83333333,231402.5
,,,,,,,,
45989,DECEMBER,OCT-25-BLK14,3695,MAIN,CLOSED,D-11D,43.06696796,159132.4466
45989,DECEMBER,NOV-25-FEED2,3000,MAIN,CLOSED,,44.5,133500
45989,DECEMBER,AUG-25-BLK16,10225,MAIN,,A-18B,45.01145038,460242.0802
45989,DECEMBER,NOV-25-SUNDRY6,19877,MAIN,,A-4A,40.83333333,811644.1667
45989,DECEMBER,SEPT-25-BLK2,7894,MAIN,,D-12D,42.64456409,336636.189
45989,DECEMBER,AUG-25-TNK7,5337,MAIN,,D-2D,46,245502
,,,,,,,,
45990,DECEMBER,AUG-25-BLK16,2346,MAIN,,A-18B,45.01145038,105596.8626
45990,DECEMBER,NOV-25-SUNDRY6,7526,MAIN,CLOSED,A-4A,40.83333333,307311.6667
45990,DECEMBER,SEPT-25-BLK2,2411,MAIN,,D-12D,42.64456409,102816.044
45990,DECEMBER,AUG-25-TNK7,5116,MAIN,,D-2D,46,235336
45990,DECEMBER,OCT-25-BLK23,4505,MAIN,,C-18B,46,207230
45990,DECEMBER,NOV-25-SUNDRY5,3686,MAIN,,A-4B,45.52969594,167822.4592
45990,DECEMBER,NOV-25-SUNDRY8,2606,MAIN,,A-4C,42.25,110103.5
45990,DECEMBER,NOV-25-FEED3,1000,MAIN,,,44.5,44500
,,,,,,,,
45992,DECEMBER,AUG-25-BLK16,3912,MAIN,,A-18B,45.01145038,176084.7939
45992,DECEMBER,SEPT-25-BLK2,3600,MAIN,,D-12D,42.64456409,153520.4307
45992,DECEMBER,AUG-25-TNK7,13157,MAIN,,D-2D,46,605222
45992,DECEMBER,OCT-25-BLK23,12014,MAIN,,C-18B,46,552644
45992,DECEMBER,NOV-25-SUNDRY8,15937,MAIN,,A-4C,42.25,673338.25
45992,DECEMBER,NOV-25-FEED3,600,MAIN,,,44.5,26700
,,,,,,,,
45993,DECEMBER,AUG-25-BLK16,1041,MAIN,,A-18B,45.01145038,46856.91985
45993,DECEMBER,AUG-25-TNK7,20181,MAIN,,D-2D,46,928326
45993,DECEMBER,OCT-25-BLK23,18927,MAIN,,C-18B,46,870642
45993,DECEMBER,NOV-25-SUNDRY8,10113,MAIN,,A-4C,42.25,427274.25
45993,DECEMBER,NOV-25-FEED3,600,MAIN,,,44.5,26700
,,,,,,,,
45994,DECEMBER,AUG-25-TNK7,8087,MAIN,CLOSED,D-2D,46,372002
45994,DECEMBER,OCT-25-BLK23,22764,MAIN,CLOSED,C-18B,46,1047144
45994,DECEMBER,NOV-25-SUNDRY8,823,MAIN,,A-4C,42.25,34771.75
45994,DECEMBER,NOV-25-FEED3,600,MAIN,,,44.5,26700
45994,DECEMBER,NOV-25-SUNDRY5,3270,MAIN,CLOSED,A-4B,45.52969594,148882.1057
45994,DECEMBER,OCT-25-TNK4,13594,MAIN,,D-1A,46,625324
45994,DECEMBER,NOV-25-SUNDRY4,2664,MAIN,CLOSED,A-3A,40.877375,108897.327
45994,DECEMBER,NOV-25-SUNDRY7,2188,MAIN,CLOSED,A-3B,43,94084
45994,DECEMBER,DEC-24-BLK8,3790,MAIN,,A-11C,25,94750
,,,,,,,,
45995,DECEMBER,NOV-25-FEED3,10000,MAIN,,,44.5,445000
45995,DECEMBER,DEC-24-BLK8,7532,MAIN,,A-11C,25,188300
45995,DECEMBER,OCT-25-BLK7,8543,MAIN,,C-17B,45.86211878,391800.0807
,,,,,,,,
45996,DECEMBER,NOV-25-FEED3,6610,MAIN,CLOSED,,44.5,294145
45996,DECEMBER,DEC-24-BLK8,11958,MAIN,,A-11C,25,298950
45996,DECEMBER,OCT-25-BLK7,10747,MAIN,,C-17B,45.86211878,492880.1905
45996,DECEMBER,DEC-25-FEED1,700,MAIN,,,44.5,31150
,,,,,,,,
45997,DECEMBER,DEC-24-BLK8,19987,MAIN,,A-11C,25,499675
45997,DECEMBER,OCT-25-BLK7,23887,MAIN,,C-17B,45.86211878,1095508.431
45997,DECEMBER,NOV-25-SUNDRY8,2584,MAIN,CLOSED,A-4C,42.25,109174
45997,DECEMBER,DEC-25-FEED1,15445,MAIN,CLOSED,,44.5,687302.5
45997,DECEMBER,DEC-25-SUNDRY2,5636,MAIN,,A-3A,47,264892
,,,,,,,,
46000,DECEMBER,DEC-24-BLK8,4645,MAIN,CLOSED,A-11C,25,116125
46000,DECEMBER,OCT-25-BLK7,16426,MAIN,CLOSED,C-17B,45.86211878,753331.1631
46000,DECEMBER,DEC-24-BLK4,19862,MAIN,,A-11B,25,496550
46000,DECEMBER,DEC-25-SUNDRY1,18567,MAIN,,A-3A,42.5,789097.5
46000,DECEMBER,SEPT-25-BLK6,8476,MAIN,,C-17A,45.35553719,384433.5332
,,,,,,,,
46001,DECEMBER,DEC-24-BLK4,26678,MAIN,,A-11B,25,666950
46001,DECEMBER,DEC-25-SUNDRY1,5444,MAIN,,A-3A,42.5,231370
46001,DECEMBER,SEPT-25-BLK6,20827,MAIN,,C-17A,45.35553719,944619.7731
,,,,,,,,
46002,DECEMBER,DEC-24-BLK4,2469,MAIN,CLOSED,A-11B,25,61725
46002,DECEMBER,DEC-25-SUNDRY1,2691,MAIN,CLOSED,A-3A,42.5,114367.5
46002,DECEMBER,SEPT-25-BLK6,19093,MAIN,,C-17A,45.35553719,865973.2716
46002,DECEMBER,DEC-25-SUNDRY3,998,MAIN,CLOSED,A-3A,44,43912
46002,DECEMBER,DEC-25-FEED2,17130,MAIN,CLOSED,,44.5,762285
46002,DECEMBER,JULY-24-BLK1,16977,MAIN,,A-11A,20.54954832,348869.6818
,,,,,,,,
46003,DECEMBER,SEPT-25-BLK6,11473,MAIN,CLOSED,C-17A,45.35553719,520364.0782
46003,DECEMBER,JULY-24-BLK1,26480,MAIN,,A-11A,20.54954832,544152.0395
46003,DECEMBER,DEC-25-SUNDRY2,3558,MAIN,CLOSED,A-3A,47,167226
46003,DECEMBER,OCT-25-BLK16,14390,MAIN,,C-18A,46,661940
46003,DECEMBER,DEC-25-SUNDRY4,232,MAIN,CLOSED,A-5A,44,10208
,,,,,,,,
46004,DECEMBER,AUG-25-BLK16,3307,MAIN,,A-18B,45.01145038,148852.8664
46004,DECEMBER,NOV-25-BLK1,3708,MAIN,,C-9A,46,170568
46004,DECEMBER,JULY-24-BLK1,9953,MAIN,,A-11A,20.54954832,204529.6544
46004,DECEMBER,OCT-25-BLK16,8229,MAIN,,C-18A,46,378534
,,,,,,,,
46006,DECEMBER,AUG-25-BLK16,22393,MAIN,,A-18B,45.01145038,1007941.408
46006,DECEMBER,NOV-25-BLK1,7231,MAIN,,C-9A,46,332626
46006,DECEMBER,JULY-24-BLK1,4667,MAIN,CLOSED,A-11A,20.54954832,95904.74201
46006,DECEMBER,OCT-25-BLK16,16573,MAIN,CLOSED,C-18A,46,762358
,,,,,,,,
46007,DECEMBER,AUG-25-BLK16,13344,MAIN,,A-18B,45.01145038,600632.7939
46007,DECEMBER,NOV-25-BLK1,1874,MAIN,CLOSED,C-9A,46,86204
46007,DECEMBER,SEPT-25-BLK2,7249,MAIN,,D-12D,42.64456409,309130.4451
46007,DECEMBER,OCT-25-TNK4,4026,MAIN,,D-1A,46,185196
,,,,,,,,
46008,DECEMBER,AUG-25-BLK16,9332,MAIN,CLOSED,A-18B,45.01145038,420046.855
46008,DECEMBER,SEPT-25-BLK2,7287,MAIN,,D-12D,42.64456409,310750.9386
46008,DECEMBER,OCT-25-TNK4,12546,MAIN,,D-1A,46,577116
46008,DECEMBER,SEPT-25-BLK8,8700,MAIN,,A-17C,44.75,389325
,,,,,,,,
46009,DECEMBER,SEPT-25-BLK2,6193,MAIN,,D-12D,42.64456409,264097.7854
46009,DECEMBER,OCT-25-TNK4,10504,MAIN,,D-1A,46,483184
46009,DECEMBER,SEPT-25-BLK8,15504,MAIN,,A-17C,44.75,693804
46009,DECEMBER,DEC-25-FEED3,4505,MAIN,,,46.5,209482.5
,,,,,,,,
46010,DECEMBER,SEPT-25-BLK2,6145,MAIN,,D-12D,42.64456409,262050.8464
46010,DECEMBER,OCT-25-TNK4,8690,MAIN,,D-1A,46,399740
46010,DECEMBER,SEPT-25-BLK8,16585,MAIN,,A-17C,44.75,742178.75
46010,DECEMBER,DEC-25-FEED3,10000,MAIN,CLOSED,,46.5,465000
,,,,,,,,
46011,DECEMBER,SEPT-25-BLK2,2307,MAIN,,D-12D,42.64456409,98381.00937
46011,DECEMBER,OCT-25-TNK4,3700,MAIN,,D-1A,46,170200
46011,DECEMBER,SEPT-25-BLK8,5521,MAIN,,A-17C,44.75,247064.75
,,,,,,,,
46013,DECEMBER,SEPT-25-BLK2,3384,MAIN,,D-12D,42.64456409,144309.2049
46013,DECEMBER,OCT-25-TNK4,5028,MAIN,CLOSED,D-1A,46,231288
46013,DECEMBER,SEPT-25-BLK8,5751,MAIN,CLOSED,A-17C,44.75,257357.25
46013,DECEMBER,SEPT-25-BLK3,3819,MAIN,,A-17B,44.75,170900.25
46013,DECEMBER,DEC-25-FEED4,3285,MAIN,,,49,160965
,,,,,,,,
46014,DECEMBER,SEPT-25-BLK2,2250,MAIN,,D-12D,42.64456409,95950.26921
46014,DECEMBER,SEPT-25-BLK3,6082,MAIN,,A-17B,44.75,272169.5
46014,DECEMBER,DEC-25-FEED4,10000,MAIN,,,49,490000
46014,DECEMBER,OCT-25-TNK2,2595,MAIN,,D-1B,46,119370
,,,,,,,,
46017,DECEMBER,SEPT-25-BLK2,8002,MAIN,,D-12D,42.64456409,341241.8019
46017,DECEMBER,SEPT-25-BLK3,19397,MAIN,,A-17B,44.75,868015.75
46017,DECEMBER,DEC-25-FEED4,500,MAIN,CLOSED,,49,24500
46017,DECEMBER,OCT-25-TNK2,11697,MAIN,,D-1B,46,538062
46017,DECEMBER,DEC-25-FEED5,6000,MAIN,,,46.5,279000
,,,,,,,,
46018,DECEMBER,SEPT-25-BLK2,5767,MAIN,,D-12D,42.64456409,245931.2011
46018,DECEMBER,SEPT-25-BLK3,13597,MAIN,,A-17B,44.75,608465.75
46018,DECEMBER,OCT-25-TNK2,9142,MAIN,,D-1B,46,420532
46018,DECEMBER,DEC-25-FEED5,5155,MAIN,,,46.5,239707.5
,,,,,,,,
,,,,,,,,
46024,JANUARY,SEPT-25-BLK2,3376,MAIN,,D-12D,42.64456409,143968.0484
46024,JANUARY,SEPT-25-BLK3,8011,MAIN,,A-17B,44.75,358492.25
46024,JANUARY,OCT-25-TNK2,4334,MAIN,,D-1B,46,199364
46024,JANUARY,DEC-25-FEED5,5000,MAIN,CLOSED,,46.5,232500
,,,,,,,,
46025,JANUARY,SEPT-25-BLK2,3332,MAIN,CLOSED,D-12D,42.64456409,142091.6876
46025,JANUARY,SEPT-25-BLK3,12061,MAIN,,A-17B,44.75,539729.75
46025,JANUARY,OCT-25-TNK2,7495,MAIN,,D-1B,46,344770
46025,JANUARY,DEC-25-FEED6,16175,MAIN,CLOSED,,46.5,752137.5
,,,,,,,,
46027,JANUARY,SEPT-25-BLK3,6583,MAIN,CLOSED,A-17B,44.75,294589.25
46027,JANUARY,OCT-25-TNK2,16100,MAIN,CLOSED,D-1B,46,740600
46027,JANUARY,AUG-25-BLK1,5998,MAIN,,A-17A,43.75,262412.5
46027,JANUARY,DEC-25-FEED7,10310,MAIN,CLOSED,,46,474260
,,,,,,,,
46028,JANUARY,AUG-25-BLK1,14286,MAIN,,A-17A,43.75,625012.5
46028,JANUARY,JAN-26-FEED1,10000,MAIN,,,46.5,465000
46028,JANUARY,OCT-25-TNK1,15482,MAIN,,D-1C,46,712172
,,,,,,,,
46029,JANUARY,AUG-25-BLK1,11416,MAIN,,A-17A,43.75,499450
46029,JANUARY,JAN-26-FEED1,6770,MAIN,CLOSED,,46.5,314805
46029,JANUARY,OCT-25-TNK1,11080,MAIN,,D-1C,46,509680
46029,JANUARY,JAN-26-FEED2,8520,MAIN,,,46.5,396180
,,,,,,,,
46030,JANUARY,AUG-25-BLK1,14390,MAIN,,A-17A,43.75,629562.5
46030,JANUARY,OCT-25-TNK1,13257,MAIN,,D-1C,46,609822
46030,JANUARY,JAN-26-FEED2,10000,MAIN,CLOSED,,46.5,465000
,,,,,,,,
46031,JANUARY,AUG-25-BLK1,2804,MAIN,CLOSED,A-17A,43.75,122675
46031,JANUARY,OCT-25-TNK1,8716,MAIN,CLOSED,D-1C,46,400936
46031,JANUARY,DEC-25-BLK3,11518,MAIN,,C-10A,47,541346
46031,JANUARY,SEPT-25-TNK1,4175,MAIN,,D-1D,46,192050
46031,JANUARY,JAN-26-FEED3,10000,MAIN,,,46.5,465000
,,,,,,,,
46032,JANUARY,DEC-25-BLK3,11243,MAIN,,C-10A,47,528421
46032,JANUARY,SEPT-25-TNK1,10065,MAIN,,D-1D,46,462990
46032,JANUARY,JAN-26-FEED3,7550,MAIN,CLOSED,,46.5,351075
,,,,,,,,
46034,JANUARY,DEC-25-BLK3,10356,MAIN,CLOSED,C-10A,47,486732
46034,JANUARY,SEPT-25-TNK1,13139,MAIN,,D-1D,46,604394
46034,JANUARY,NOV-25-BLK11,2711,MAIN,,C-8A,45.71018473,123920.3108
46034,JANUARY,JAN-26-FEED4,11000,MAIN,,,49.5,544500
,,,,,,,,
46035,JANUARY,SEPT-25-TNK1,11067,MAIN,,D-1D,46,509082
46035,JANUARY,NOV-25-BLK11,15051,MAIN,,C-8A,45.71018473,687983.9904
46035,JANUARY,JAN-26-FEED4,10095,MAIN,CLOSED,,49.5,499702.5
,,,,,,,,
46036,JANUARY,SEPT-25-TNK1,9776,MAIN,,D-1D,46,449696
46036,JANUARY,NOV-25-BLK11,9979,MAIN,,C-8A,45.71018473,456141.9335
46036,JANUARY,JAN-26-FEED5,7365,MAIN,,,46.5,342472.5
,,,,,,,,
46037,JANUARY,SEPT-25-TNK1,9222,MAIN,CLOSED,D-1D,46,424212
46037,JANUARY,NOV-25-BLK11,10109,MAIN,,C-8A,45.71018473,462084.2575
46037,JANUARY,JAN-26-FEED5,9000,MAIN,CLOSED,,46.5,418500
,,,,,,,,
46038,JANUARY,NOV-25-BLK11,14161,MAIN,,C-8A,45.71018473,647301.926
46038,JANUARY,DEC-25-TNK1,15301,MAIN,,D-2D,49,749749
46038,JANUARY,JAN-26-FEED6,6000,MAIN,,,46.5,279000
,,,,,,,,
46039,JANUARY,NOV-25-BLK11,10081,MAIN,CLOSED,C-8A,45.71018473,460804.3723
46039,JANUARY,DEC-25-TNK1,10030,MAIN,,D-2D,49,491470
46039,JANUARY,JAN-26-FEED6,6000,MAIN,,,46.5,279000
,,,,,,,,
46041,JANUARY,DEC-25-TNK1,4551,MAIN,CLOSED,D-2D,49,222999
46041,JANUARY,JAN-26-FEED6,4700,MAIN,CLOSED,,46.5,218550
46041,JANUARY,NOV-25-BLK14,19886,MAIN,,C-8B,45.78493116,910479.141
46041,JANUARY,NOV-25-TNK1,13058,MAIN,,D-3D,46,600668
,,,,,,,,
46042,JANUARY,NOV-25-BLK14,11847,MAIN,,C-8B,45.78493116,542414.0794
46042,JANUARY,NOV-25-TNK1,23143,MAIN,,D-3D,46,1064578
,,,,,,,,
46043,JANUARY,NOV-25-BLK14,11318,MAIN,,C-8B,45.78493116,518193.8508
46043,JANUARY,NOV-25-TNK1,22308,MAIN,,D-3D,46,1026168
,,,,,,,,
46044,JANUARY,NOV-25-BLK14,10535,MAIN,CLOSED,C-8B,45.78493116,482344.2497
46044,JANUARY,NOV-25-TNK1,15015,MAIN,CLOSED,D-3D,46,690690
46044,JANUARY,DEC-25-BLK4,2785,MAIN,,D-11D,44.7368223,124592.0501
46044,JANUARY,JAN-26-FEED7,1230,MAIN,,,48.5,59655
,,,,,,,,
46045,JANUARY,DEC-25-BLK4,9281,MAIN,,D-11D,44.7368223,415202.4478
46045,JANUARY,JAN-26-FEED7,6000,MAIN,,,48.5,291000
46045,JANUARY,SEPT-25-TNK2,10109,MAIN,,D-5D,46,465014
,,,,,,,,
46046,JANUARY,DEC-25-BLK4,13553,MAIN,,D-11D,44.7368223,606318.1526
46046,JANUARY,JAN-26-FEED7,5000,MAIN,,,48.5,242500
46046,JANUARY,SEPT-25-TNK2,12834,MAIN,,D-5D,46,590364
,,,,,,,,
46048,JANUARY,DEC-25-BLK4,15967,MAIN,,D-11D,44.7368223,714312.8417
46048,JANUARY,JAN-26-FEED7,5000,MAIN,CLOSED,,48.5,242500
46048,JANUARY,SEPT-25-TNK2,13964,MAIN,,D-5D,46,642344
46048,JANUARY,JAN-26-FEED8,10020,MAIN,,,48.5,485970
,,,,,,,,
46049,JANUARY,DEC-25-BLK4,14763,MAIN,,D-11D,44.7368223,660449.7076
46049,JANUARY,SEPT-25-TNK2,15568,MAIN,,D-5D,46,716128
46049,JANUARY,JAN-26-BLK8,7000,MAIN,CLOSED,D-17D,42,294000
,,,,,,,,
46050,JANUARY,DEC-25-BLK4,9911,MAIN,,D-11D,44.7368223,443386.6458
46050,JANUARY,SEPT-25-TNK2,7839,MAIN,,D-5D,46,360594
46050,JANUARY,JAN-26-FEED9,5450,MAIN,,,48.5,264325
,,,,,,,,
46051,JANUARY,DEC-25-BLK4,4926,MAIN,CLOSED,D-11D,44.7368223,220373.5866
46051,JANUARY,SEPT-25-TNK2,10990,MAIN,,D-5D,46,505540
46051,JANUARY,JAN-26-FEED9,12000,MAIN,CLOSED,,48.5,582000
,,,,,,,,
46052,JANUARY,SEPT-25-TNK2,10003,MAIN,CLOSED,D-5D,46,460138
46052,JANUARY,NOV-25-BLK8,5651,MAIN,,D-18D,43.62570397,246528.8531
46052,JANUARY,SEPT-25-TNK3,4233,MAIN,,D-5C,46,194718
46052,JANUARY,JAN-26-FEED10,8400,MAIN,,,48.5,407400
,,,,,,,,
46039,JANUARY,DEC-25-BLK10,3611,SUNDRY,,D-20D,42,151662
46040,JANUARY,DEC-25-BLK10,11779,SUNDRY,,D-20D,42,494718
46050,JANUARY,DEC-25-BLK10,2128,SUNDRY,,D-20D,42,89376
46051,JANUARY,DEC-25-BLK10,7557,SUNDRY,,D-20D,42,317394
,,,,,,,,
46055,FEBRUARY,SEPT-25-TNK3,5580,MAIN,,D-5C,46,256680
46055,FEBRUARY,JAN-26-FEED10,8487,MAIN,CLOSED,,48.5,411619.5
46055,FEBRUARY,DEC-25-BLK13,4917,MAIN,,C-17B,47.71347158,234607.1398
46055,FEBRUARY,DEC-25-BLK7,1515,MAIN,,A-19C,46.93871896,71112.15923
,,,,,,,,
46052,JANUARY,DEC-25-BLK10,8809,SUNDRY,,D-20D,42,369978
46053,JANUARY,DEC-25-BLK10,8685,SUNDRY,,D-20D,42,364770
46054,JANUARY,DEC-25-BLK10,2404,SUNDRY,CLOSED,D-20D,42,100968
46054,JANUARY,JAN-26-BLK9,9303,SUNDRY,,D-20C,42.93309966,399406.6262
46055,JANUARY,JAN-26-BLK9,8997,SUNDRY,,D-20C,42.93309966,386269.0977
,,,,,,,,
46056,JANUARY,JAN-26-BLK9,10823,SUNDRY,,D-20C,42.93309966,464664.9377
46056,FEBRUARY,SEPT-25-TNK3,3430,MAIN,,D-5C,46,157780
46056,FEBRUARY,DEC-25-BLK13,22181,MAIN,,C-17B,47.71347158,1058332.513
46056,FEBRUARY,DEC-25-BLK7,2916,MAIN,,A-19C,46.93871896,136873.3045
46056,FEBRUARY,FEB-26-FEED1,6480,MAIN,,,48.5,314280
,,,,,,,,
46057,FEBRUARY,DEC-25-BLK13,18621,MAIN,,C-17B,47.71347158,888472.5544
46057,FEBRUARY,DEC-25-BLK7,2953,MAIN,,A-19C,46.93871896,138610.0371
46057,FEBRUARY,FEB-26-FEED1,1200,MAIN,,,48.5,58200
46057,FEBRUARY,DEC-25-SUN5,3899,MAIN,CLOSED,A-3A,45.25,176429.75
46057,FEBRUARY,JAN-26-SUNDRY1,453,MAIN,CLOSED,A-3B,45,20385
46057,FEBRUARY,JAN-26-SUNDRY2,2390,MAIN,CLOSED,A-3C,43,102770
,,,,,,,,
46058,FEBRUARY,DEC-25-BLK13,16218,MAIN,CLOSED,C-17B,47.71347158,773817.0822
46058,FEBRUARY,DEC-25-BLK7,2456,MAIN,,A-19C,46.93871896,115281.4938
46058,FEBRUARY,FEB-26-FEED1,800,MAIN,,,48.5,38800
46058,FEBRUARY,DEC-25-BLK12,10163,MAIN,,C-17A,47.43131654,482044.47
46058,JANUARY,JAN-26-BLK9,8952,SUNDRY,,D-20C,42.93309966,384337.1082
,,,,,,,,
46059,FEBRUARY,DEC-25-BLK7,2490,MAIN,,A-19C,46.93871896,116877.4102
46059,FEBRUARY,FEB-26-FEED1,5000,MAIN,,,48.5,242500
46059,FEBRUARY,DEC-25-BLK12,14736,MAIN,,C-17A,47.43131654,698947.8806
,,,,,,,,
46060,FEBRUARY,DEC-25-BLK7,2875,MAIN,,A-19C,46.93871896,134948.817
46060,FEBRUARY,FEB-26-FEED1,3000,MAIN,CLOSED,,48.5,145500
46060,FEBRUARY,DEC-25-BLK12,12825,MAIN,,C-17A,47.43131654,608306.6346
46060,FEBRUARY,FEB-26-FEED2,7000,MAIN,,,48.5,339500
46060,FEBRUARY,JAN-26-SUNDRY3,10215,MAIN,,A-4A,52.73443902,538682.2946
46060,JANUARY,JAN-26-BLK9,9302,SUNDRY,,D-20C,42.93309966,399363.6931
,,,,,,,,
46061,JANUARY,JAN-26-BLK9,12623,SUNDRY,CLOSED,D-20C,42.93309966,541944.5171
,,,,,,,,
46062,FEBRUARY,DEC-25-BLK7,1480,MAIN,,A-19C,46.93871896,69469.30406
46062,FEBRUARY,DEC-25-BLK12,13953,MAIN,,C-17A,47.43131654,661809.1597
46062,FEBRUARY,FEB-26-FEED2,4000,MAIN,,,48.5,194000
46062,FEBRUARY,JAN-26-SUNDRY3,10891,MAIN,,A-4A,52.73443902,574330.7754
46062,JANUARY,NOV-25-BLK9,6902,SUNDRY,,D-19D,44.38851041,306369.4989
,,,,,,,,
46063,FEBRUARY,DEC-25-BLK7,1314,MAIN,,A-19C,46.93871896,61677.47672
46063,FEBRUARY,DEC-25-BLK12,5128,MAIN,CLOSED,C-17A,47.43131654,243227.7912
46063,FEBRUARY,FEB-26-FEED2,6480,MAIN,CLOSED,,48.5,314280
46063,FEBRUARY,JAN-26-SUNDRY3,9789,MAIN,,A-4A,52.73443902,516217.4236
46063,FEBRUARY,DEC-25-BLK5,4728,MAIN,,C-18B,46.88771817,221685.1315
46063,JANUARY,NOV-25-BLK9,7905,SUNDRY,,D-19D,44.38851041,350891.1748
,,,,,,,,
46064,JANUARY,NOV-25-BLK9,7825,SUNDRY,,D-19D,44.38851041,347340.094
46064,FEBRUARY,DEC-25-BLK7,1425,MAIN,,A-19C,46.93871896,66887.67452
46064,FEBRUARY,JAN-26-SUNDRY3,4824,MAIN,CLOSED,A-4A,52.73443902,254390.9339
46064,FEBRUARY,DEC-25-BLK5,10144,MAIN,,C-18B,46.88771817,475629.0131
46064,FEBRUARY,JAN-26-SUNDRY4,4908,MAIN,,A-4C,52.59,258111.72
46064,FEBRUARY,FEB-26-FEED3,17955,MAIN,,,48.5,870817.5
,,,,,,,,
46065,FEBRUARY,DEC-25-BLK7,1189,MAIN,,A-19C,46.93871896,55810.13685
46065,FEBRUARY,DEC-25-BLK5,9823,MAIN,,C-18B,46.88771817,460578.0556
46065,FEBRUARY,JAN-26-SUNDRY4,10575,MAIN,,A-4C,52.59,556139.25
46065,FEBRUARY,FEB-26-FEED3,17540,MAIN,,,48.5,850690
46065,JANUARY,NOV-25-BLK9,8452,SUNDRY,,D-19D,44.38851041,375171.69
,,,,,,,,
,,,,,,,,
,,,,,,,,
,,,,,,,,
,,,,,,,,
,,,,,,,,
,,,,,,,,
,,,,,,,,
,,,,,,,,
,,,,,,,,
,,,,,,,,
,,,,,,,,
,,,,,,,,
,,,,,,,,
,,,,,,,,
,,,,,,,,
,,,,,,,,
,,,,,,,,
,,,,,,,,
,,,,,,,,
,,,,,,,,
,,,,,,,,
,,,,,,,,
,,,,,,,,
,,,,,,,,
,,,,,,,,
,,,,,,,,
,,,,,,,,
,,,,,,,,
,,,,,,,,
,,,,,,,,
,,,,,,,,
,,,,,,,,
,,,,,,,,
,,,,,,,,
,,,,,,,,
,,,,,,,,
,,,,,,,,
,,,,,,,,
,,,,,,,,
,,,,,,,,
,,,,,,,,
,,,,,,,,
,,,,,,,,
,,,,,,,,
,,,,,,,,
,,,,,,,,
,,,,,,,,
,,,,,,,,
,,,,,,,,
,,,,,,,,
,,,,,,,,
,,,,,,,,
,,,,,,,,
,,,,,,,,
,,,,,,,,
,,,,,,,,
,,,,,,,,
,,,,,,,,
,,,,,,,,
,,,,,,,,
,,,,,,,,
,,,,,,,,
,,,,,,,,
,,,,,,,,
,,,,,,,,
,,,,,,,,
,,,,,,,,
,,,,,,,,
,,,,,,,,
,,,,,,,,
,,,,,,,,
,,,,,,,,
,,,,,,,,
,,,,,,,,
,,,,,,,,
,,,,,,,,
,,,,,,,,
,,,,,,,,
,,,,,,,,
,,,,,,,,
,,,,,,,,
,,,,,,,,
,,,,,,,,
,,,,,,,,
,,,,,,,,
,,,,,,,,
,,,,,,,,
,,,,,,,,
,,,,,,,,
,,,,,,,,
,,,,,,,,
,,,,,,,,
,,,,,,,,
,,,,,,,,
,,,,,,,,
,,,,,,,,
,,,,,,,,
,,,,,,,,
,,,,,,,,
,,,,,,,,
,,,,,,,,
,,,,,,,,
,,,,,,,,
,,,,,,,,
,,,,,,,,
,,,,,,,,
,,,,,,,,
,,,,,,,,
,,,,,,,,
,,,,,,,,
,,,,,,,,
,,,,,,,,
,,,,,,,,
,,,,,,,,
,,,,,,,,
,,,,,,,,
,,,,,,,,
,,,,,,,,
,,,,,,,,
,,,,,,,,
,,,,,,,,
,,,,,,,,
,,,,,,,,
,,,,,,,,
,,,,,,,,
,,,,,,,,
,,,,,,,,
,,,,,,,,
,,,,,,,,
,,,,,,,,
,,,,,,,,
,,,,,,,,
,,,,,,,,
,,,,,,,,
,,,,,,,,
,,,,,,,,
,,,,,,,,
,,,,,,,,
,,,,,,,,
,,,,,,,,
,,,,,,,,
,,,,,,,,
,,,,,,,,
,,,,,,,,
,,,,,,,,
,,,,,,,,
,,,,,,,,
,,,,,,,,
,,,,,,,,
,,,,,,,,
,,,,,,,,
,,,,,,,,
,,,,,,,,
,,,,,,,,
,,,,,,,,
,,,,,,,,
,,,,,,,,
,,,,,,,,
,,,,,,,,
,,,,,,,,
,,,,,,,,
,,,,,,,,
,,,,,,,,
,,,,,,,,
,,,,,,,,
,,,,,,,,
,,,,,,,,
,,,,,,,,
,,,,,,,,
,,,,,,,,
,,,,,,,,
,,,,,,,,
,,,,,,,,
,,,,,,,,
,,,,,,,,
,,,,,,,,
,,,,,,,,
,,,,,,,,
,,,,,,,,
,,,,,,,,
,,,,,,,,
,,,,,,,,
,,,,,,,,
,,,,,,,,
,,,,,,,,
,,,,,,,,
,,,,,,,,
,,,,,,,,
,,,,,,,,
,,,,,,,,
,,,,,,,,
,,,,,,,,
,,,,,,,,
,,,,,,,,
,,,,,,,,
,,,,,,,,
,,,,,,,,
,,,,,,,,
,,,,,,,,
,,,,,,,,
,,,,,,,,
,,,,,,,,
,,,,,,,,
,,,,,,,,
,,,,,,,,
,,,,,,,,
,,,,,,,,
,,,,,,,,
,,,,,,,,
,,,,,,,,
,,,,,,,,
,,,,,,,,
,,,,,,,,
,,,,,,,,
,,,,,,,,
,,,,,,,,
,,,,,,,,
,,,,,,,,
,,,,,,,,
,,,,,,,,
,,,,,,,,
,,,,,,,,
,,,,,,,,
,,,,,,,,
,,,,,,,,
,,,,,,,,
,,,,,,,,
,,,,,,,,
,,,,,,,,
,,,,,,,,
,,,,,,,,
,,,,,,,,
,,,,,,,,
,,,,,,,,
,,,,,,,,
,,,,,,,,
,,,,,,,,
,,,,,,,,
,,,,,,,,
,,,,,,,,
,,,,,,,,
,,,,,,,,
,,,,,,,,
,,,,,,,,
,,,,,,,,
,,,,,,,,
,,,,,,,,
,,,,,,,,
,,,,,,,,
,,,,,,,,
,,,,,,,,
,,,,,,,,
,,,,,,,,
,,,,,,,,
,,,,,,,,
,,,,,,,,
,,,,,,,,
,,,,,,,,
,,,,,,,,
,,,,,,,,
,,,,,,,,
,,,,,,,,
,,,,,,,,
,,,,,,,,
,,,,,,,,
,,,,,,,,
,,,,,,,,
,,,,,,,,
,,,,,,,,
,,,,,,,,
,,,,,,,,
,,,,,,,,
,,,,,,,,
,,,,,,,,
,,,,,,,,
,,,,,,,,
,,,,,,,,
,,,,,,,,
,,,,,,,,
,,,,,,,,
,,,,,,,,
,,,,,,,,
,,,,,,,,
,,,,,,,,
,,,,,,,,
,,,,,,,,
,,,,,,,,
,,,,,,,,
,,,,,,,,
,,,,,,,,
,,,,,,,,
,,,,,,,,
,,,,,,,,
,,,,,,,,
,,,,,,,,
,,,,,,,,
,,,,,,,,
,,,,,,,,
,,,,,,,,
,,,,,,,,
,,,,,,,,
,,,,,,,,
,,,,,,,,
,,,,,,,,
,,,,,,,,
,,,,,,,,
,,,,,,,,
,,,,,,,,
,,,,,,,,
,,,,,,,,
,,,,,,,,
,,,,,,,,
,,,,,,,,
,,,,,,,,
,,,,,,,,
,,,,,,,,
,,,,,,,,
,,,,,,,,
,,,,,,,,
,,,,,,,,
,,,,,,,,
,,,,,,,,
,,,,,,,,
,,,,,,,,
,,,,,,,,
,,,,,,,,
,,,,,,,,
,,,,,,,,
,,,,,,,,
,,,,,,,,
,,,,,,,,
,,,,,,,,
,,,,,,,,
,,,,,,,,
,,,,,,,,
,,,,,,,,
,,,,,,,,
,,,,,,,,
,,,,,,,,
,,,,,,,,
,,,,,,,,
,,,,,,,,
,,,,,,,,
,,,,,,,,
,,,,,,,,
,,,,,,,,
,,,,,,,,
,,,,,,,,
,,,,,,,,
,,,,,,,,
,,,,,,,,
,,,,,,,,
,,,,,,,,
,,,,,,,,
,,,,,,,,
,,,,,,,,
,,,,,,,,
,,,,,,,,
,,,,,,,,
,,,,,,,,
,,,,,,,,
,,,,,,,,
,,,,,,,,
,,,,,,,,
,,,,,,,,
,,,,,,,,
,,,,,,,,
,,,,,,,,
,,,,,,,,
,,,,,,,,
,,,,,,,,
,,,,,,,,
,,,,,,,,
,,,,,,,,
,,,,,,,,
,,,,,,,,
,,,,,,,,
,,,,,,,,
,,,,,,,,
,,,,,,,,
,,,,,,,,
,,,,,,,,
,,,,,,,,
,,,,,,,,
,,,,,,,,
,,,,,,,,
,,,,,,,,
,,,,,,,,
,,,,,,,,
,,,,,,,,
,,,,,,,,
,,,,,,,,
,,,,,,,,
,,,,,,,,
,,,,,,,,
,,,,,,,,
,,,,,,,,
,,,,,,,,
,,,,,,,,
,,,,,,,,
,,,,,,,,
,,,,,,,,
,,,,,,,,
,,,,,,,,
,,,,,,,,
,,,,,,,,
,,,,,,,,
,,,,,,,,
,,,,,,,,
,,,,,,,,
,,,,,,,,
,,,,,,,,
,,,,,,,,
,,,,,,,,
,,,,,,,,
,,,,,,,,
,,,,,,,,
,,,,,,,,
,,,,,,,,
,,,,,,,,
,,,,,,,,
,,,,,,,,
,,,,,,,,
,,,,,,,,
,,,,,,,,
,,,,,,,,
,,,,,,,,
,,,,,,,,
,,,,,,,,
,,,,,,,,
,,,,,,,,
,,,,,,,,
,,,,,,,,
,,,,,,,,
,,,,,,,,
,,,,,,,,
,,,,,,,,
,,,,,,,,
,,,,,,,,
,,,,,,,,
,,,,,,,,
,,,,,,,,
,,,,,,,,
,,,,,,,,
,,,,,,,,
,,,,,,,,
,,,,,,,,
,,,,,,,,
,,,,,,,,
,,,,,,,,
,,,,,,,,
,,,,,,,,
,,,,,,,,
,,,,,,,,
,,,,,,,,
,,,,,,,,
,,,,,,,,
,,,,,,,,
,,,,,,,,
,,,,,,,,
,,,,,,,,
,,,,,,,,
,,,,,,,,
,,,,,,,,
,,,,,,,,
,,,,,,,,
,,,,,,,,
,,,,,,,,
,,,,,,,,
,,,,,,,,
,,,,,,,,
,,,,,,,,
,,,,,,,,
,,,,,,,,
,,,,,,,,
,,,,,,,,
,,,,,,,,
,,,,,,,,
,,,,,,,,
,,,,,,,,
,,,,,,,,
,,,,,,,,
,,,,,,,,
,,,,,,,,
,,,,,,,,
,,,,,,,,
,,,,,,,,
,,,,,,,,
,,,,,,,,
,,,,,,,,
,,,,,,,,
,,,,,,,,
,,,,,,,,
,,,,,,,,
,,,,,,,,
,,,,,,,,
,,,,,,,,
,,,,,,,,
,,,,,,,,
,,,,,,,,
,,,,,,,,
,,,,,,,,
,,,,,,,,
,,,,,,,,
,,,,,,,,
,,,,,,,,
,,,,,,,,
,,,,,,,,
,,,,,,,,
,,,,,,,,
,,,,,,,,
,,,,,,,,
,,,,,,,,
,,,,,,,,
,,,,,,,,
,,,,,,,,
,,,,,,,,
,,,,,,,,
,,,,,,,,
,,,,,,,,
,,,,,,,,
,,,,,,,,
,,,,,,,,
,,,,,,,,
,,,,,,,,
,,,,,,,,
,,,,,,,,
,,,,,,,,
,,,,,,,,
,,,,,,,,
,,,,,,,,
,,,,,,,,
,,,,,,,,
,,,,,,,,
,,,,,,,,
,,,,,,,,
,,,,,,,,
,,,,,,,,
,,,,,,,,
,,,,,,,,
,,,,,,,,
,,,,,,,,
,,,,,,,,
,,,,,,,,
,,,,,,,,
,,,,,,,,
,,,,,,,,
,,,,,,,,
,,,,,,,,
,,,,,,,,
,,,,,,,,
,,,,,,,,
,,,,,,,,
,,,,,,,,
,,,,,,,,
,,,,,,,,
,,,,,,,,
,,,,,,,,
,,,,,,,,
,,,,,,,,
,,,,,,,,
,,,,,,,,
,,,,,,,,
,,,,,,,,
,,,,,,,,
,,,,,,,,
,,,,,,,,
,,,,,,,,
,,,,,,,,
,,,,,,,,
,,,,,,,,
,,,,,,,,
,,,,,,,,
,,,,,,,,
,,,,,,,,
,,,,,,,,
,,,,,,,,
,,,,,,,,
,,,,,,,,
,,,,,,,,
,,,,,,,,
,,,,,,,,
,,,,,,,,
,,,,,,,,